2021-01-15 23:03:28.076,-132.77282562796415,74.0,-631.274059048887,0.0,9.015283,-181.32634
2021-01-15 23:04:04.244,-132.77282562796415,74.0,-631.274059048887,0.0,9.015283,-181.32634
2021-01-15 23:04:04.245,-132.77282562796415,74.0,-631.274059048887,0.0,9.015283,-181.32634
2021-01-15 23:04:05.245,-132.77282562796415,74.0,-631.274059048887,0.0,9.015283,-181.32634
2021-01-15 23:04:06.245,-132.77282562796415,74.0,-631.274059048887,0.0,9.015283,-181.32634
2021-01-15 23:04:07.245,-132.77282562796415,74.0,-631.274059048887,0.0,9.015283,-181.32634
2021-01-15 23:04:08.245,-132.77282562796415,74.0,-631.274059048887,0.0,9.015283,-181.32634
2021-01-15 23:04:09.283,-132.77282562796415,74.0,-631.274059048887,0.0,9.015283,-181.32634
2021-01-15 23:04:10.283,-132.77282562796415,74.0,-631.274059048887,0.0,9.015283,-181.32634
2021-01-15 23:04:11.284,-132.77282562796415,74.0,-631.274059048887,0.0,9.015283,-181.32634
2021-01-15 23:04:12.284,-132.77282562796415,74.0,-631.274059048887,0.0,9.015283,-181.32634
2021-01-15 23:04:13.284,-132.77282562796415,74.0,-631.274059048887,0.0,9.015283,-181.32634
2021-01-15 23:04:14.284,-132.77282562796415,74.0,-631.274059048887,0.0,9.015283,-181.32634
2021-01-15 23:04:15.284,-132.77282562796415,74.0,-631.274059048887,0.0,9.015283,-181.32634
2021-01-15 23:04:16.284,-132.77282562796415,74.0,-631.274059048887,0.0,9.015283,-181.32634
2021-01-15 23:04:17.284,-132.77282562796415,74.0,-631.274059048887,0.0,9.015283,-181.32634
2021-01-15 23:04:18.285,-132.77282562796415,74.0,-631.274059048887,0.0,9.015283,-181.32634
2021-01-15 23:04:19.285,-132.77282562796415,74.0,-631.274059048887,0.0,9.015283,-181.32634
2021-01-15 23:04:20.285,-132.77282562796415,74.0,-631.274059048887,0.0,9.015283,-181.32634
2021-01-15 23:04:21.285,-132.77282562796415,74.0,-631.274059048887,0.0,9.015283,-181.32634
2021-01-15 23:04:22.285,-132.77282562796415,74.0,-631.274059048887,0.0,9.015283,-181.32634
2021-01-15 23:04:23.285,-132.77282562796415,74.0,-631.274059048887,0.0,9.015283,-181.32634
2021-01-15 23:04:24.285,-132.77282562796415,74.0,-631.274059048887,0.0,9.015283,-185.09654
2021-01-15 23:04:25.285,-132.77282562796415,74.0,-631.274059048887,0.0,9.015283,-200.9315
2021-01-15 23:04:26.285,-132.77282562796415,74.0,-631.274059048887,0.0,9.015283,-200.9315
2021-01-15 23:04:27.286,-132.77282562796415,74.0,-631.274059048887,0.0,9.015283,-200.9315
2021-01-15 23:04:28.286,-132.77282562796415,74.0,-631.274059048887,0.0,9.015283,-200.9315
2021-01-15 23:04:29.320,-132.77282562796415,74.0,-631.274059048887,0.0,9.015283,-200.9315
2021-01-15 23:04:30.320,-132.77282562796415,74.0,-631.274059048887,0.0,9.015283,-200.9315
2021-01-15 23:04:31.320,-132.77282562796415,74.0,-631.274059048887,0.0,9.015283,-200.9315
2021-01-15 23:04:32.320,-132.77282562796415,74.0,-631.274059048887,0.0,9.015283,-200.9315
2021-01-15 23:04:33.320,-132.77282562796415,74.0,-631.274059048887,0.0,9.015283,-200.9315
2021-01-15 23:04:34.320,-132.77282562796415,74.0,-631.274059048887,0.0,9.015283,-200.9315
2021-01-15 23:04:35.320,-132.77282562796415,74.0,-631.274059048887,0.0,9.015283,-200.9315
2021-01-15 23:04:36.320,-132.77282562796415,74.0,-631.274059048887,0.0,9.015283,-200.9315
2021-01-15 23:04:37.320,-132.77282562796415,74.0,-631.274059048887,0.0,9.015283,-200.9315
2021-01-15 23:04:38.320,-132.77282562796415,74.0,-631.274059048887,0.0,9.015283,-200.9315
2021-01-15 23:04:39.321,-132.77282562796415,74.0,-631.274059048887,0.0,9.015283,-200.9315
2021-01-15 23:04:40.321,-132.77282562796415,74.0,-631.274059048887,0.0,9.015283,-200.9315
2021-01-15 23:04:41.321,-132.77282562796415,74.0,-631.274059048887,0.0,9.015283,-200.9315
2021-01-15 23:04:42.321,-132.77282562796415,74.0,-631.274059048887,0.0,9.015283,-200.9315
2021-01-15 23:04:43.321,-132.77282562796415,74.0,-631.274059048887,0.0,9.015283,-200.9315
2021-01-15 23:04:44.321,-132.77282562796415,74.0,-631.274059048887,0.0,9.015283,-200.9315
2021-01-15 23:04:45.322,-132.77282562796415,74.0,-631.274059048887,0.0,9.015283,-200.9315
2021-01-15 23:04:46.322,-132.77282562796415,74.0,-631.274059048887,0.0,9.015283,-200.9315
2021-01-15 23:04:47.322,-132.77282562796415,74.0,-631.274059048887,0.0,9.015283,-200.9315
2021-01-15 23:04:48.322,-132.77282562796415,74.0,-631.274059048887,0.0,9.015283,-200.9315
2021-01-15 23:04:49.322,-132.77282562796415,74.0,-631.274059048887,0.0,9.015283,-200.9315
2021-01-15 23:04:50.322,-132.77282562796415,74.0,-631.274059048887,0.0,9.015283,-200.9315
2021-01-15 23:04:51.322,-132.77282562796415,74.0,-631.274059048887,0.0,9.015283,-200.9315
2021-01-15 23:04:52.322,-132.77282562796415,74.0,-631.274059048887,0.2495080204123929,9.015283,-200.9315
2021-01-15 23:04:53.323,-132.8619524033663,74.0,-631.5071055467292,2.177381141801954,9.015283,-200.9315
2021-01-15 23:04:54.323,-134.37644823497925,74.0,-632.6999999880791,6.269004043758899,9.015283,-200.9315
2021-01-15 23:04:55.323,-135.91858873997555,74.0,-636.4898786978359,10.338652786076917,9.015283,-200.9315
2021-01-15 23:04:56.323,-137.37230866748806,73.0,-640.2910284263002,14.686189046078312,9.015283,-200.9315
2021-01-15 23:04:57.323,-138.9252923638123,73.0,-644.3517319578299,19.00337067983824,9.015283,-200.9315
2021-01-15 23:04:58.323,-140.46743308220033,73.0,-648.3840835376855,23.320552145300727,9.015283,-200.9315
2021-01-15 23:04:59.323,-142.00957374047056,73.0,-652.4164349603473,26.53325307318628,9.015283,-200.9315
2021-01-15 23:05:00.323,-143.40352073398756,74.0,-655.3109744800812,27.323436993809228,9.015283,-200.9315
2021-01-15 23:05:01.323,-143.69999998807907,74.0,-656.0434297212423,27.332705109547337,9.015283,-200.9315
2021-01-15 23:05:02.323,-143.69999998807907,74.0,-656.0526978369804,27.332705109547337,9.015283,-200.9315
2021-01-15 23:05:03.323,-143.69999998807907,74.0,-656.0526978369804,27.332705109547337,9.015283,-200.9315
2021-01-15 23:05:04.323,-143.69999998807907,74.0,-656.0526978369804,27.332705109547337,9.015283,-200.9315
2021-01-15 23:05:05.323,-143.69999998807907,74.0,-656.0526978369804,27.332705109547337,9.015283,-200.9315
2021-01-15 23:05:06.324,-143.69999998807907,74.0,-656.0526978369804,27.332705109547337,9.015283,-200.9315
2021-01-15 23:05:07.324,-143.69999998807907,74.0,-656.0526978369804,27.332705109547337,9.015283,-200.9315
2021-01-15 23:05:08.324,-143.69999998807907,74.0,-656.0526978369804,27.332705109547337,9.015283,-200.9315
2021-01-15 23:05:09.324,-143.69999998807907,74.0,-656.0526978369804,27.332705109547337,9.015283,-200.9315
2021-01-15 23:05:10.324,-143.69999998807907,74.0,-656.0526978369804,27.332705109547337,9.015283,-200.9315
2021-01-15 23:05:11.324,-143.69999998807907,74.0,-656.0526978369804,27.332705109547337,9.015283,-200.9315
2021-01-15 23:05:12.324,-143.69999998807907,74.0,-656.0526978369804,27.332705109547337,9.015283,-200.9315
2021-01-15 23:05:13.324,-143.69999998807907,74.0,-656.0526978369804,27.332705109547337,9.015283,-200.9315
2021-01-15 23:05:14.324,-143.69999998807907,74.0,-656.0526978369804,27.332705109547337,9.015283,-187.20787
2021-01-15 23:05:15.325,-143.69999998807907,74.0,-656.0526978369804,27.332705109547337,9.015283,-184.64412
2021-01-15 23:05:16.325,-143.69999998807907,74.0,-656.0526978369804,27.332705109547337,9.015283,-184.64412
2021-01-15 23:05:17.325,-143.69999998807907,74.0,-656.0526978369804,27.332705109547337,9.015283,-184.64412
2021-01-15 23:05:18.326,-143.69999998807907,74.0,-656.0526978369804,27.332705109547337,9.015283,-184.64412
2021-01-15 23:05:19.326,-143.69999998807907,74.0,-656.0526978369804,27.332705109547337,9.015283,-184.64412
2021-01-15 23:05:20.326,-143.69999998807907,74.0,-656.0526978369804,27.332705109547337,9.015283,-184.64412
2021-01-15 23:05:21.326,-143.69999998807907,74.0,-656.0526978369804,27.332705109547337,9.015283,-184.64412
2021-01-15 23:05:22.326,-143.69999998807907,74.0,-656.0526978369804,27.332705109547337,9.015283,-184.64412
2021-01-15 23:05:23.327,-143.69999998807907,74.0,-656.0526978369804,27.332705109547337,9.015283,-184.64412
2021-01-15 23:05:24.327,-143.69999998807907,74.0,-656.0526978369804,27.332705109547337,9.015283,-184.64412
2021-01-15 23:05:25.328,-143.69999998807907,74.0,-656.0526978369804,27.332705109547337,9.015283,-184.64412
2021-01-15 23:05:26.328,-143.69999998807907,74.0,-656.0526978369804,27.332705109547337,9.015283,-184.64412
2021-01-15 23:05:27.328,-143.69999998807907,74.0,-656.0526978369804,27.332705109547337,9.015283,-175.14314
2021-01-15 23:05:28.329,-143.69999998807907,74.0,-656.0526978369804,27.332705109547337,9.015283,-166.39621
2021-01-15 23:05:29.330,-143.69999998807907,74.0,-656.0526978369804,27.332705109547337,9.015283,-166.39621
2021-01-15 23:05:30.330,-143.69999998807907,74.0,-656.0526978369804,27.332705109547337,9.015283,-166.39621
2021-01-15 23:05:31.330,-143.69999998807907,74.0,-656.0526978369804,27.332705109547337,9.015283,-166.39621
2021-01-15 23:05:32.330,-143.69999998807907,74.0,-656.0526978369804,27.332705109547337,9.015283,-166.39621
2021-01-15 23:05:33.330,-143.69999998807907,74.0,-656.0526978369804,27.332705109547337,9.015283,-166.39621
2021-01-15 23:05:34.330,-143.69999998807907,74.0,-656.0526978369804,27.332705109547337,9.015283,-166.39621
2021-01-15 23:05:35.331,-143.69999998807907,74.0,-656.0526978369804,27.332705109547337,9.015283,-166.39621
2021-01-15 23:05:36.331,-143.69999998807907,74.0,-656.0526978369804,27.332705109547337,9.015283,-166.39621
2021-01-15 23:05:37.331,-143.69999998807907,74.0,-656.0526978369804,27.332705109547337,9.015283,-166.39621
2021-01-15 23:05:38.332,-143.69999998807907,74.0,-656.0526978369804,27.332705109547337,9.015283,-149.35478
2021-01-15 23:05:39.332,-143.69999998807907,74.0,-656.0526978369804,27.332705109547337,9.015283,-149.35478
2021-01-15 23:05:40.332,-143.69999998807907,74.0,-656.0526978369804,27.332705109547337,9.015283,-149.35478
2021-01-15 23:05:41.332,-143.69999998807907,74.0,-656.0526978369804,27.332705109547337,9.015283,-149.35478
2021-01-15 23:05:42.333,-143.69999998807907,74.0,-656.0526978369804,27.332705109547337,9.015283,-149.35478
2021-01-15 23:05:43.333,-143.69999998807907,74.0,-656.0526978369804,27.332705109547337,9.015283,-149.35478
2021-01-15 23:05:44.334,-143.69999998807907,74.0,-656.0526978369804,27.332705109547337,9.015283,-145.58455
2021-01-15 23:05:45.334,-143.69999998807907,74.0,-656.0526978369804,27.332705109547337,9.015283,-131.86093
2021-01-15 23:05:46.335,-143.69999998807907,74.0,-656.0526978369804,27.332705109547337,9.015283,-131.86093
2021-01-15 23:05:47.335,-143.69999998807907,74.0,-656.0526978369804,27.332705109547337,9.015283,-131.86093
2021-01-15 23:05:48.335,-143.69999998807907,74.0,-656.0526978369804,27.332705109547337,9.015283,-131.86093
2021-01-15 23:05:49.335,-143.69999998807907,74.0,-656.0526978369804,27.332705109547337,9.015283,-127.33664
2021-01-15 23:05:50.336,-143.69999998807907,74.0,-656.0526978369804,27.332705109547337,9.015283,-116.17669
2021-01-15 23:05:51.336,-143.69999998807907,74.0,-656.0526978369804,27.332705109547337,9.015283,-116.17669
2021-01-15 23:05:52.336,-143.69999998807907,74.0,-656.0526978369804,27.332705109547337,9.015283,-116.17669
2021-01-15 23:05:53.336,-143.69999998807907,74.0,-656.0526978369804,27.332705109547337,9.015283,-116.17669
2021-01-15 23:05:54.336,-143.69999998807907,74.0,-656.0526978369804,27.332705109547337,9.015283,-116.17669
2021-01-15 23:05:55.336,-143.69999998807907,74.0,-656.0526978369804,27.332705109547337,9.015283,-116.17669
2021-01-15 23:05:56.336,-143.69999998807907,74.0,-656.0526978369804,27.332705109547337,9.015283,-116.17669
2021-01-15 23:05:57.336,-143.69999998807907,74.0,-656.0526978369804,27.332705109547337,9.015283,-116.17669
2021-01-15 23:05:58.336,-143.69999998807907,74.0,-656.0526978369804,28.37513607048226,9.015283,-116.17669
2021-01-15 23:05:59.336,-143.24016997273426,74.0,-655.117166616067,32.46744741115272,9.015283,-116.17669
2021-01-15 23:06:00.337,-141.43499758521347,73.0,-651.4445156987714,36.78466764627565,9.015283,-116.17669
2021-01-15 23:06:01.338,-139.53061492453025,73.0,-647.5700199586468,41.10184915049818,9.015283,-116.17669
2021-01-15 23:06:02.338,-137.62624934855694,73.0,-643.6955589776264,45.419030654506564,9.015283,-116.17669
2021-01-15 23:06:03.338,-135.7218837726782,73.0,-639.8210979967982,49.372398339880405,9.015283,-116.17669
2021-01-15 23:06:04.338,-133.97800126001863,74.0,-636.2731422702145,53.01029532023035,9.015283,-116.17669
2021-01-15 23:06:05.338,-132.07358253486615,74.0,-633.1735481421184,57.324452427057636,9.015283,-116.17669
2021-01-15 23:06:06.339,-130.16921695869289,74.0,-629.302457430875,61.42577483909518,9.015283,-116.17669
2021-01-15 23:06:07.339,-128.3600696616081,74.0,-625.621719517775,65.35132371600484,9.015283,-116.17669
2021-01-15 23:06:08.339,-126.62845839145989,75.0,-622.0987298223455,66.05758140059062,9.015283,-116.17669
2021-01-15 23:06:09.347,-126.3169188323804,75.0,-621.4648978097704,66.06287867731318,9.015283,-116.17669
2021-01-15 23:06:10.348,-126.3169188323804,75.0,-621.4596005330478,66.06287867731318,9.015283,-116.17669
2021-01-15 23:06:11.348,-126.3169188323804,75.0,-621.4596005330478,66.06287867731318,9.015283,-116.17669
2021-01-15 23:06:12.348,-126.3169188323804,75.0,-621.4596005330478,66.06287867731318,9.015283,-116.17669
2021-01-15 23:06:13.349,-126.3169188323804,75.0,-621.4596005330478,66.06287867731318,9.015283,-116.17669
2021-01-15 23:06:14.349,-126.3169188323804,75.0,-621.4596005330478,66.06287867731318,9.015283,-116.17669
2021-01-15 23:06:15.349,-126.3169188323804,75.0,-621.4596005330478,66.06287867731318,9.015283,-117.23236
2021-01-15 23:06:16.349,-126.3169188323804,75.0,-621.4596005330478,66.06287867731318,9.015283,-139.09982
2021-01-15 23:06:17.349,-126.3169188323804,75.0,-621.4596005330478,66.06287867731318,9.015283,-139.09982
2021-01-15 23:06:18.349,-126.3169188323804,75.0,-621.4596005330478,66.06287867731318,9.015283,-139.09982
2021-01-15 23:06:19.349,-126.3169188323804,75.0,-621.4596005330478,66.06287867731318,9.015283,-139.09982
2021-01-15 23:06:20.349,-126.3169188323804,75.0,-621.4596005330478,66.06287867731318,9.015283,-139.09982
2021-01-15 23:06:21.349,-126.3169188323804,75.0,-621.4596005330478,66.06287867731318,9.015283,-139.09982
2021-01-15 23:06:22.349,-126.3169188323804,75.0,-621.4596005330478,66.06287867731318,9.015283,-139.09982
2021-01-15 23:06:23.350,-126.3169188323804,75.0,-621.4596005330478,68.14268762271814,9.015283,-139.09982
2021-01-15 23:06:24.350,-124.95512538421639,74.0,-623.0315814025001,70.15122644851596,9.015283,-139.09982
2021-01-15 23:06:25.350,-123.63999736757926,74.0,-624.5496942160266,70.15122644851596,9.015283,-139.09982
2021-01-15 23:06:26.350,-123.63999736757926,74.0,-624.5496942160266,70.15122644851596,9.015283,-139.09982
2021-01-15 23:06:27.350,-123.63999736757926,74.0,-624.5496942160266,70.15122644851596,9.015283,-139.09982
2021-01-15 23:06:28.350,-123.63999736757926,74.0,-624.5496942160266,70.15122644851596,9.015283,-139.09982
2021-01-15 23:06:29.350,-123.63999736757926,74.0,-624.5496942160266,70.15122644851596,9.015283,-139.09982
2021-01-15 23:06:30.350,-123.63999736757926,74.0,-624.5496942160266,70.15122644851596,9.015283,-139.09982
2021-01-15 23:06:31.350,-123.63999736757926,74.0,-624.5496942160266,70.15122644851596,9.015283,-139.09982
2021-01-15 23:06:32.350,-123.63999736757926,74.0,-624.5496942160266,72.05082688975727,9.015283,-139.09982
2021-01-15 23:06:33.350,-125.07577134087228,74.0,-625.7934928066267,76.36739695982442,9.015283,-139.09982
2021-01-15 23:06:34.351,-128.3383621604703,74.0,-628.6198470508208,80.68457829458562,9.015283,-139.09982
2021-01-15 23:06:35.351,-131.60141499193105,74.0,-631.4466015319009,84.34736419585865,9.015283,-139.09982
2021-01-15 23:06:36.351,-134.8644678259534,74.0,-633.1104785588903,88.65466941797956,9.015283,-139.09982
2021-01-15 23:06:37.351,-138.12752065997574,74.0,-635.9221265594211,92.97185070128889,9.015283,-139.09982
2021-01-15 23:06:38.351,-141.3905734939981,74.0,-638.748880958964,97.28903203943874,9.015283,-139.09982
2021-01-15 23:06:39.351,-144.65362632802044,74.0,-641.5756354422625,101.39204885020095,9.015283,-139.09982
2021-01-15 23:06:40.351,-147.75480730322954,75.16610926093821,-644.2621617325486,105.55969069242502,9.015283,-139.09982
2021-01-15 23:06:41.351,-150.90483378098827,75.0,-646.9910024597579,109.43438898165705,9.015283,-139.09982
2021-01-15 23:06:42.351,-153.8334448916528,76.7531999805212,-649.5280329670774,112.41503685989528,9.015283,-139.09982
2021-01-15 23:06:43.351,-156.08630636410493,78.0,-651.4796674000557,112.48191968789922,9.015283,-139.09982
2021-01-15 23:06:44.351,-156.13685837579305,78.0,-651.523460171104,112.48782311820398,9.015283,-139.09982
2021-01-15 23:06:45.351,-156.1413203623249,78.0,-651.5273255514932,112.48782311820398,9.015283,-139.09982
2021-01-15 23:06:46.351,-156.1413203623249,78.0,-651.5273255514932,112.48782311820398,9.015283,-139.09982
2021-01-15 23:06:47.352,-156.1413203623249,78.0,-651.5273255514932,112.48782311820398,9.015283,-139.09982
2021-01-15 23:06:48.352,-156.1413203623249,78.0,-651.5273255514932,112.48782311820398,9.015283,-139.09982
2021-01-15 23:06:49.352,-156.1413203623249,78.0,-651.5273255514932,112.48782311820398,9.015283,-139.09982
2021-01-15 23:06:50.352,-156.1413203623249,78.0,-651.5273255514932,112.48782311820398,9.015283,-139.09982
2021-01-15 23:06:51.352,-156.1413203623249,78.0,-651.5273255514932,112.48782311820398,9.015283,-139.09982
2021-01-15 23:06:52.352,-156.1413203623249,78.0,-651.5273255514932,112.48782311820398,9.015283,-139.09982
2021-01-15 23:06:53.352,-156.1413203623249,78.0,-651.5273255514932,112.48782311820398,9.015283,-139.09982
2021-01-15 23:06:54.352,-156.1413203623249,78.0,-651.5273255514932,112.48782311820398,9.015283,-139.09982
2021-01-15 23:06:55.352,-156.1413203623249,78.0,-651.5273255514932,112.48782311820398,9.015283,-139.09982
2021-01-15 23:06:56.352,-156.1413203623249,78.0,-651.5273255514932,112.48782311820398,9.015283,-139.09982
2021-01-15 23:06:57.352,-156.1413203623249,78.0,-651.5273255514932,112.48782311820398,9.015283,-139.09982
2021-01-15 23:06:58.353,-156.1413203623249,78.0,-651.5273255514932,112.48782311820398,9.015283,-139.09982
2021-01-15 23:06:59.353,-156.1413203623249,78.0,-651.5273255514932,112.48782311820398,9.015283,-139.09982
2021-01-15 23:07:00.353,-156.1413203623249,78.0,-651.5273255514932,112.48782311820398,9.015283,-139.09982
2021-01-15 23:07:01.353,-156.1413203623249,78.0,-651.5273255514932,112.48782311820398,9.015283,-139.09982
2021-01-15 23:07:02.353,-156.1413203623249,78.0,-651.5273255514932,112.48782311820398,9.015283,-139.09982
2021-01-15 23:07:03.353,-156.1413203623249,78.0,-651.5273255514932,112.48782311820398,9.015283,-120.55024
2021-01-15 23:07:04.353,-156.1413203623249,78.0,-651.5273255514932,112.48782311820398,9.015283,-120.55024
2021-01-15 23:07:05.353,-156.1413203623249,78.0,-651.5273255514932,112.48782311820398,9.015283,-120.55024
2021-01-15 23:07:06.354,-156.1413203623249,78.0,-651.5273255514932,112.48782311820398,9.015283,-120.55024
2021-01-15 23:07:07.354,-156.1413203623249,78.0,-651.5273255514932,112.48782311820398,9.015283,-120.55024
2021-01-15 23:07:08.354,-156.1413203623249,78.0,-651.5273255514932,115.00329786186528,9.015283,-120.55024
2021-01-15 23:07:09.354,-153.83246511309216,78.7531999805212,-652.5257245819856,118.70473916707185,9.015283,-120.55024
2021-01-15 23:07:10.354,-150.63656492378533,80.0,-654.3930461172007,122.2647229694219,9.015283,-120.55024
2021-01-15 23:07:11.354,-147.35316914314524,77.0,-655.768835643498,123.99053406013422,9.015283,-120.55024
2021-01-15 23:07:12.354,-146.3000000119209,77.0,-657.1360440043055,127.16311406067666,9.015283,-120.55024
2021-01-15 23:07:13.354,-143.41485972263268,77.41999998688698,-658.4556005097147,130.885366354121,9.015283,-120.55024
2021-01-15 23:07:14.354,-140.19457274057953,74.53584062504456,-660.3223929162963,134.15111526471836,9.015283,-120.55024
2021-01-15 23:07:15.354,-137.6640485229634,73.0,-662.3867482953738,138.1426272682979,9.015283,-120.55024
2021-01-15 23:07:16.355,-134.07938771839088,72.0,-664.1424176807881,142.31046807848054,9.015283,-120.55024
2021-01-15 23:07:17.356,-130.03458914355323,71.0,-663.1371806400781,146.49371950971081,9.015283,-120.55024
2021-01-15 23:07:18.356,-125.98371715360497,70.0,-662.0931362646119,150.8994543607808,9.015283,-120.55024
2021-01-15 23:07:19.356,-121.71740259494462,70.0,-660.9935637729155,155.3047411391322,9.015283,-120.55024
2021-01-15 23:07:20.356,-117.4515219296726,70.0,-659.8941031100558,159.48691623087655,9.015283,-120.55024
2021-01-15 23:07:21.356,-113.40169254051054,69.0,-658.8503261143876,163.50703764371596,9.015283,-120.55024
2021-01-15 23:07:22.356,-109.50878861167811,70.0,-657.8469940781947,167.2075259609511,9.015283,-120.55024
2021-01-15 23:07:23.357,-105.9250000119209,70.0,-656.9250000119209,167.2075259609511,9.015283,-120.55024
2021-01-15 23:07:24.357,-105.9250000119209,70.0,-656.9250000119209,169.0626564611737,9.015283,-120.55024
2021-01-15 23:07:25.358,-105.02724994820449,70.0,-658.5484389531667,173.37473327727201,9.015283,-120.55024
2021-01-15 23:07:26.358,-101.31518132444006,70.0,-660.7426479223391,177.15323629015847,9.015283,-120.55024
2021-01-15 23:07:27.358,-98.06110343487629,70.25220334025373,-662.6630807139369,181.28554282917077,9.015283,-120.55024
2021-01-15 23:07:28.358,-94.50232702759624,69.7531999805212,-664.7633349402987,182.88530887585333,9.015283,-120.55024
2021-01-15 23:07:29.358,-94.3000000119209,69.0,-666.3502549706866,182.88530887585333,9.015283,-120.55024
2021-01-15 23:07:30.358,-94.3000000119209,69.0,-666.3502549706866,182.88530887585333,9.015283,-120.55024
2021-01-15 23:07:31.358,-94.3000000119209,69.0,-666.3502549706866,182.88530887585333,9.015283,-120.55024
2021-01-15 23:07:32.358,-94.3000000119209,69.0,-666.3502549706866,182.88530887585333,9.015283,-120.55024
2021-01-15 23:07:33.358,-94.3000000119209,69.0,-666.3502549706866,186.51117530264625,9.015283,-120.55024
2021-01-15 23:07:34.358,-97.42262602570887,69.0,-664.5074000868287,190.82835168612706,9.015283,-120.55024
2021-01-15 23:07:35.358,-101.14061386485054,69.0,-662.3131853402556,192.67406005384038,9.015283,-120.55024
2021-01-15 23:07:36.358,-102.6999999880791,69.0,-661.3257876000672,192.69984764198665,9.015283,-120.55024
2021-01-15 23:07:37.358,-102.6999999880791,69.0,-661.3000000119209,192.69984764198665,9.015283,-120.55024
2021-01-15 23:07:38.359,-102.6999999880791,69.0,-661.3000000119209,192.69984764198665,9.015283,-120.55024
2021-01-15 23:07:39.359,-102.6999999880791,69.0,-661.3000000119209,196.0396469863129,9.015283,-120.55024
2021-01-15 23:07:40.359,-103.88467987664635,69.0,-664.4226260257091,200.3567775442581,9.015283,-120.55024
2021-01-15 23:07:41.360,-106.0788044588752,69.0,-668.1406138648505,204.45677062959527,9.015283,-120.55024
2021-01-15 23:07:42.360,-108.16263529815032,68.0,-671.6715616601455,208.55531405050215,9.015283,-120.55024
2021-01-15 23:07:43.360,-110.24572934268258,67.0,-675.2012609921982,212.51099458222603,9.015283,-120.55024
2021-01-15 23:07:44.360,-112.25621299784478,68.0,-678.6079256280825,214.27347696159262,9.015283,-120.55024
2021-01-15 23:07:45.360,-113.14984189034635,68.0,-680.1270607570503,214.27347696159262,9.015283,-120.55024
2021-01-15 23:07:46.360,-113.14984189034635,68.0,-680.1270607570503,214.27347696159262,9.015283,-120.55024
2021-01-15 23:07:47.360,-113.14984189034635,68.0,-680.1270607570503,214.27347696159262,9.015283,-120.55024
2021-01-15 23:07:48.360,-113.14984189034635,68.0,-680.1270607570503,214.27347696159262,9.015283,-120.55024
2021-01-15 23:07:49.361,-113.14984189034635,68.0,-680.1270607570503,214.27347696159262,9.015283,-120.55024
2021-01-15 23:07:50.361,-113.14984189034635,68.0,-680.1270607570503,214.27347696159262,9.015283,-120.55024
2021-01-15 23:07:51.362,-113.14984189034635,68.0,-680.1270607570503,215.7427984023717,9.015283,-120.55024
2021-01-15 23:07:52.362,-112.40305591580292,68.0,-678.8616690372425,218.36644501723393,9.015283,-120.55024
2021-01-15 23:07:53.362,-111.07173799078839,68.0,-676.6008917058334,218.36644501723393,9.015283,-120.55024
2021-01-15 23:07:54.362,-111.07173799078839,68.0,-676.6008917058334,218.36644501723393,9.015283,-120.55024
2021-01-15 23:07:55.362,-111.07173799078839,68.0,-676.6008917058334,218.36644501723393,9.015283,-120.55024
2021-01-15 23:07:56.362,-111.07173799078839,68.0,-676.6008917058334,220.3109876157566,9.015283,-120.55024
2021-01-15 23:07:57.362,-109.39708189805515,68.00133597911214,-677.5892099180205,222.21683127608605,9.015283,-120.55024
2021-01-15 23:07:58.362,-107.75575364945189,67.0,-678.5578593065791,222.2276196706725,9.015283,-120.55024
2021-01-15 23:07:59.362,-107.7456746525607,67.0,-678.5617068095902,222.2276196706725,9.015283,-120.55024
2021-01-15 23:08:00.362,-107.7456746525607,67.0,-678.5617068095902,222.2276196706725,9.015283,-120.55024
2021-01-15 23:08:01.362,-107.7456746525607,67.0,-678.5617068095902,222.2276196706725,9.015283,-120.55024
2021-01-15 23:08:02.363,-107.7456746525607,67.0,-678.5617068095902,222.2276196706725,9.015283,-120.55024
2021-01-15 23:08:03.363,-107.7456746525607,67.0,-678.5617068095902,222.2276196706725,9.015283,-120.55024
2021-01-15 23:08:04.364,-107.7456746525607,67.0,-678.5617068095902,222.2276196706725,9.015283,-120.55024
2021-01-15 23:08:05.365,-107.7456746525607,67.0,-678.5617068095902,223.48278700158332,9.015283,-120.55024
2021-01-15 23:08:06.365,-107.10773299295195,67.0,-677.4807463720526,226.5364465802122,9.015283,-120.55024
2021-01-15 23:08:07.365,-105.55785992249696,67.0,-674.8496381858257,226.5364465802122,9.015283,-120.55024
2021-01-15 23:08:08.365,-105.55785992249696,67.0,-674.8496381858257,226.5364465802122,9.015283,-120.55024
2021-01-15 23:08:09.365,-105.55785992249696,67.0,-674.8496381858257,226.5364465802122,9.015283,-120.55024
2021-01-15 23:08:10.365,-105.55785992249696,67.0,-674.8496381858257,226.5364465802122,9.015283,-120.55024
2021-01-15 23:08:11.366,-105.55785992249696,67.0,-674.8496381858257,226.5364465802122,9.015283,-120.55024
2021-01-15 23:08:12.366,-105.55785992249696,67.0,-674.8496381858257,226.5364465802122,8.110424,-120.55024
2021-01-15 23:08:13.366,-105.55785992249696,67.0,-674.8496381858257,226.5364465802122,-5.6132483,-120.55024
2021-01-15 23:08:14.366,-105.55785992249696,67.0,-674.8496381858257,226.5364465802122,-5.6132483,-120.55024
2021-01-15 23:08:15.366,-105.55785992249696,67.0,-674.8496381858257,226.5364465802122,-5.6132483,-120.55024
2021-01-15 23:08:16.366,-105.55785992249696,67.0,-674.8496381858257,226.5364465802122,-5.6132483,-120.55024
2021-01-15 23:08:17.366,-105.55785992249696,67.0,-674.8496381858257,226.5364465802122,-5.6132483,-120.55024
2021-01-15 23:08:18.366,-105.55785992249696,67.0,-674.8496381858257,226.5364465802122,-5.6132483,-120.55024
2021-01-15 23:08:19.366,-105.55785992249696,67.0,-674.8496381858257,226.5364465802122,-5.6132483,-130.35287
2021-01-15 23:08:20.367,-105.55785992249696,67.0,-674.8496381858257,226.5364465802122,-5.6132483,-141.36198
2021-01-15 23:08:21.367,-105.55785992249696,67.0,-674.8496381858257,226.5364465802122,-5.6132483,-141.36198
2021-01-15 23:08:22.367,-105.55785992249696,67.0,-674.8496381858257,226.5364465802122,-5.6132483,-141.36198
2021-01-15 23:08:23.367,-105.55785992249696,67.0,-674.8496381858257,226.5364465802122,-5.6132483,-141.36198
2021-01-15 23:08:24.367,-105.55785992249696,67.0,-674.8496381858257,226.5364465802122,-5.6132483,-160.21307
2021-01-15 23:08:25.367,-105.55785992249696,67.0,-674.8496381858257,226.5364465802122,-5.6132483,-160.21307
2021-01-15 23:08:26.367,-105.55785992249696,67.0,-674.8496381858257,226.5364465802122,-5.6132483,-160.21307
2021-01-15 23:08:27.367,-105.55785992249696,67.0,-674.8496381858257,226.5364465802122,-5.6132483,-160.21307
2021-01-15 23:08:28.367,-105.55785992249696,67.0,-674.8496381858257,226.5364465802122,-5.6132483,-160.21307
2021-01-15 23:08:29.367,-105.55785992249696,67.0,-674.8496381858257,226.5364465802122,-5.6132483,-160.21307
2021-01-15 23:08:30.368,-105.55785992249696,67.0,-674.8496381858257,226.5364465802122,-2.2954361,-160.21307
2021-01-15 23:08:31.368,-105.55785992249696,67.0,-674.8496381858257,226.5364465802122,-2.2954361,-160.21307
2021-01-15 23:08:32.368,-105.55785992249696,67.0,-674.8496381858257,226.5364465802122,-2.2954361,-160.21307
2021-01-15 23:08:33.368,-105.55785992249696,67.0,-674.8496381858257,226.5364465802122,-2.2954361,-160.21307
2021-01-15 23:08:34.368,-105.55785992249696,67.0,-674.8496381858257,226.5364465802122,0.4191369,-160.21307
2021-01-15 23:08:35.368,-105.55785992249696,67.0,-674.8496381858257,226.5364465802122,1.0223753,-160.21307
2021-01-15 23:08:36.368,-105.55785992249696,67.0,-674.8496381858257,226.5364465802122,1.0223753,-160.21307
2021-01-15 23:08:37.368,-105.55785992249696,67.0,-674.8496381858257,226.5364465802122,1.0223753,-160.21307
2021-01-15 23:08:38.368,-105.55785992249696,67.0,-674.8496381858257,226.5364465802122,1.0223753,-160.21307
2021-01-15 23:08:39.368,-105.55785992249696,67.0,-674.8496381858257,226.5364465802122,4.1893764,-160.21307
2021-01-15 23:08:40.368,-105.55785992249696,67.0,-674.8496381858257,226.5364465802122,4.1893764,-160.21307
2021-01-15 23:08:41.368,-105.55785992249696,67.0,-674.8496381858257,226.5364465802122,4.1893764,-160.21307
2021-01-15 23:08:42.369,-105.55785992249696,67.0,-674.8496381858257,226.5364465802122,4.1893764,-160.21307
2021-01-15 23:08:43.369,-105.55785992249696,67.0,-674.8496381858257,226.5364465802122,7.2055717,-160.21307
2021-01-15 23:08:44.369,-105.55785992249696,67.0,-674.8496381858257,226.5364465802122,7.2055717,-160.21307
2021-01-15 23:08:45.369,-105.55785992249696,67.0,-674.8496381858257,226.5364465802122,7.2055717,-160.21307
2021-01-15 23:08:46.369,-105.55785992249696,67.0,-674.8496381858257,226.5364465802122,9.618523,-160.21307
2021-01-15 23:08:47.369,-105.55785992249696,67.0,-674.8496381858257,226.5364465802122,10.674188,-160.21307
2021-01-15 23:08:48.369,-105.55785992249696,67.0,-674.8496381858257,226.5364465802122,10.674188,-160.21307
2021-01-15 23:08:49.369,-105.55785992249696,67.0,-674.8496381858257,226.5364465802122,10.674188,-160.21307
2021-01-15 23:08:50.370,-105.55785992249696,67.0,-674.8496381858257,226.5364465802122,10.674188,-160.21307
2021-01-15 23:08:51.370,-105.55785992249696,67.0,-674.8496381858257,226.5364465802122,10.674188,-160.21307
2021-01-15 23:08:52.648,-105.55785992249696,67.0,-674.8496381858257,226.5364465802122,10.674188,-160.21307
2021-01-15 23:08:53.648,-105.55785992249696,67.0,-674.8496381858257,226.5364465802122,10.674188,-160.21307
2021-01-15 23:08:54.648,-105.55785992249696,67.0,-674.8496381858257,226.5364465802122,10.674188,-160.21307
2021-01-15 23:08:55.648,-105.55785992249696,67.0,-674.8496381858257,226.5364465802122,10.674188,-160.21307
2021-01-15 23:08:56.648,-105.55785992249696,67.0,-674.8496381858257,226.5364465802122,10.674188,-160.21307
2021-01-15 23:08:57.648,-105.55785992249696,67.0,-674.8496381858257,226.5364465802122,10.674188,-160.21307
2021-01-15 23:08:58.653,-105.55785992249696,67.0,-674.8496381858257,226.5364465802122,10.674188,-160.21307
2021-01-15 23:08:59.648,-105.55785992249696,67.0,-674.8496381858257,226.5364465802122,10.674188,-160.21307
2021-01-15 23:09:00.648,-105.55785992249696,67.0,-674.8496381858257,226.5364465802122,10.674188,-160.21307
2021-01-15 23:09:01.649,-105.55785992249696,67.0,-674.8496381858257,226.5364465802122,10.674188,-160.21307
2021-01-15 23:09:02.649,-105.55785992249696,67.0,-674.8496381858257,226.5364465802122,10.674188,-160.21307
2021-01-15 23:09:03.650,-105.55785992249696,67.0,-674.8496381858257,226.5364465802122,10.674188,-160.21307
2021-01-15 23:09:04.650,-105.55785992249696,67.0,-674.8496381858257,226.5364465802122,10.674188,-160.21307
2021-01-15 23:09:05.650,-105.55785992249696,67.0,-674.8496381858257,226.5364465802122,10.674188,-160.21307
2021-01-15 23:09:06.650,-105.55785992249696,67.0,-674.8496381858257,226.5364465802122,10.674188,-160.21307
2021-01-15 23:09:07.650,-105.55785992249696,67.0,-674.8496381858257,226.5364465802122,10.674188,-160.21307
2021-01-15 23:09:08.651,-105.55785992249696,67.0,-674.8496381858257,226.5364465802122,10.674188,-160.21307
2021-01-15 23:09:09.651,-105.55785992249696,67.0,-674.8496381858257,226.5364465802122,10.674188,-160.21307
2021-01-15 23:09:10.652,-105.55785992249696,67.0,-674.8496381858257,226.5364465802122,10.674188,-160.21307
2021-01-15 23:09:11.653,-105.55785992249696,67.0,-674.8496381858257,226.5364465802122,10.674188,-160.21307
2021-01-15 23:09:12.653,-105.55785992249696,67.0,-674.8496381858257,226.5364465802122,10.674188,-160.21307
2021-01-15 23:09:13.653,-105.55785992249696,67.0,-674.8496381858257,226.5364465802122,10.674188,-160.21307
2021-01-15 23:09:14.653,-105.55785992249696,67.0,-674.8496381858257,226.5364465802122,10.674188,-160.21307
2021-01-15 23:09:15.653,-105.55785992249696,67.0,-674.8496381858257,226.5364465802122,10.674188,-160.21307
2021-01-15 23:09:16.653,-105.55785992249696,67.0,-674.8496381858257,226.5364465802122,10.674188,-160.21307
2021-01-15 23:09:17.653,-105.55785992249696,67.0,-674.8496381858257,226.5364465802122,10.674188,-160.21307
2021-01-15 23:09:18.653,-105.55785992249696,67.0,-674.8496381858257,226.5364465802122,10.674188,-160.21307
2021-01-15 23:09:19.654,-105.55785992249696,67.0,-674.8496381858257,226.5364465802122,10.674188,-160.21307
2021-01-15 23:09:20.654,-105.55785992249696,67.0,-674.8496381858257,226.5364465802122,10.674188,-160.21307
2021-01-15 23:09:21.654,-105.55785992249696,67.0,-674.8496381858257,226.5364465802122,10.674188,-160.21307
2021-01-15 23:09:22.655,-105.55785992249696,67.0,-674.8496381858257,226.5364465802122,10.674188,-160.21307
2021-01-15 23:09:23.655,-105.55785992249696,67.0,-674.8496381858257,226.5364465802122,10.674188,-160.21307
2021-01-15 23:09:24.655,-105.55785992249696,67.0,-674.8496381858257,226.5364465802122,10.674188,-160.21307
2021-01-15 23:09:25.655,-105.55785992249696,67.0,-674.8496381858257,226.5364465802122,10.674188,-160.21307
2021-01-15 23:09:26.655,-105.55785992249696,67.0,-674.8496381858257,226.5364465802122,10.674188,-160.21307
2021-01-15 23:09:27.655,-105.55785992249696,67.0,-674.8496381858257,226.5364465802122,10.674188,-160.21307
2021-01-15 23:09:28.655,-105.55785992249696,67.0,-674.8496381858257,226.5364465802122,10.674188,-160.21307
2021-01-15 23:09:29.655,-105.55785992249696,67.0,-674.8496381858257,226.5364465802122,10.674188,-160.21307
2021-01-15 23:09:30.655,-105.55785992249696,67.0,-674.8496381858257,226.5364465802122,10.674188,-160.21307
2021-01-15 23:09:31.655,-105.55785992249696,67.0,-674.8496381858257,226.5364465802122,10.674188,-160.21307
2021-01-15 23:09:32.656,-105.55785992249696,67.0,-674.8496381858257,226.5364465802122,10.674188,-160.21307
2021-01-15 23:09:33.656,-105.55785992249696,67.0,-674.8496381858257,226.5364465802122,10.674188,-160.21307
2021-01-15 23:09:34.656,-105.55785992249696,67.0,-674.8496381858257,226.5364465802122,10.674188,-160.21307
2021-01-15 23:09:35.656,-105.55785992249696,67.0,-674.8496381858257,226.5364465802122,10.674188,-160.21307
2021-01-15 23:09:36.657,-105.55785992249696,67.0,-674.8496381858257,226.5364465802122,10.674188,-160.21307
2021-01-15 23:09:37.664,-105.55785992249696,67.0,-674.8496381858257,226.5364465802122,10.674188,-160.21307
2021-01-15 23:09:38.658,-105.55785992249696,67.0,-674.8496381858257,226.5364465802122,10.674188,-160.21307
2021-01-15 23:09:39.658,-105.55785992249696,67.0,-674.8496381858257,226.5364465802122,10.674188,-160.21307
2021-01-15 23:09:40.659,-105.55785992249696,67.0,-674.8496381858257,226.5364465802122,10.674188,-160.21307
2021-01-15 23:09:41.659,-105.55785992249696,67.0,-674.8496381858257,226.5364465802122,10.674188,-160.21307
2021-01-15 23:09:42.660,-105.55785992249696,67.0,-674.8496381858257,226.5364465802122,10.674188,-160.21307
2021-01-15 23:09:43.660,-105.55785992249696,67.0,-674.8496381858257,226.5364465802122,10.674188,-160.21307
2021-01-15 23:09:44.660,-105.55785992249696,67.0,-674.8496381858257,226.5364465802122,10.674188,-160.21307
2021-01-15 23:09:45.660,-105.55785992249696,67.0,-674.8496381858257,226.5364465802122,10.674188,-160.21307
2021-01-15 23:09:46.660,-105.55785992249696,67.0,-674.8496381858257,226.5364465802122,10.674188,-160.21307
2021-01-15 23:09:47.660,-105.55785992249696,67.0,-674.8496381858257,226.5364465802122,10.674188,-160.21307
2021-01-15 23:09:48.660,-105.55785992249696,67.0,-674.8496381858257,226.5364465802122,10.674188,-160.21307
2021-01-15 23:09:49.660,-105.55785992249696,67.0,-674.8496381858257,226.5364465802122,10.674188,-160.21307
2021-01-15 23:09:50.661,-105.55785992249696,67.0,-674.8496381858257,226.5364465802122,10.674188,-160.21307
2021-01-15 23:09:51.661,-105.55785992249696,67.0,-674.8496381858257,226.5364465802122,10.674188,-160.21307
2021-01-15 23:09:52.661,-105.55785992249696,67.0,-674.8496381858257,226.5364465802122,10.674188,-160.21307
2021-01-15 23:09:53.661,-105.55785992249696,67.0,-674.8496381858257,226.5364465802122,10.674188,-160.21307
2021-01-15 23:09:54.661,-105.55785992249696,67.0,-674.8496381858257,226.5364465802122,10.674188,-160.21307
2021-01-15 23:09:55.662,-105.55785992249696,67.0,-674.8496381858257,226.5364465802122,10.674188,-160.21307
2021-01-15 23:09:56.662,-105.55785992249696,67.0,-674.8496381858257,226.5364465802122,10.674188,-160.21307
2021-01-15 23:09:57.662,-105.55785992249696,67.0,-674.8496381858257,226.5364465802122,10.674188,-160.21307
2021-01-15 23:09:58.662,-105.55785992249696,67.0,-674.8496381858257,226.5364465802122,10.674188,-160.21307
2021-01-15 23:09:59.662,-105.55785992249696,67.0,-674.8496381858257,226.5364465802122,10.674188,-160.21307
2021-01-15 23:10:00.662,-105.55785992249696,67.0,-674.8496381858257,226.5364465802122,10.674188,-160.21307
2021-01-15 23:10:01.662,-105.55785992249696,67.0,-674.8496381858257,226.5364465802122,10.674188,-160.21307
2021-01-15 23:10:02.662,-105.55785992249696,67.0,-674.8496381858257,226.5364465802122,10.674188,-160.21307
2021-01-15 23:10:03.662,-105.55785992249696,67.0,-674.8496381858257,226.5364465802122,10.674188,-160.21307
2021-01-15 23:10:04.662,-105.55785992249696,67.0,-674.8496381858257,226.5364465802122,10.674188,-160.21307
2021-01-15 23:10:05.662,-105.55785992249696,67.0,-674.8496381858257,226.5364465802122,10.674188,-160.21307
2021-01-15 23:10:06.662,-105.55785992249696,67.0,-674.8496381858257,226.5364465802122,10.674188,-160.21307
2021-01-15 23:10:07.663,-105.55785992249696,67.0,-674.8496381858257,226.5364465802122,10.674188,-160.21307
2021-01-15 23:10:08.663,-105.55785992249696,67.0,-674.8496381858257,226.5364465802122,10.674188,-160.21307
2021-01-15 23:10:09.663,-105.55785992249696,67.0,-674.8496381858257,226.5364465802122,10.674188,-160.21307
2021-01-15 23:10:10.663,-105.55785992249696,67.0,-674.8496381858257,226.5364465802122,10.674188,-160.21307
2021-01-15 23:10:11.664,-105.55785992249696,67.0,-674.8496381858257,226.5364465802122,10.674188,-160.21307
2021-01-15 23:10:12.664,-105.55785992249696,67.0,-674.8496381858257,226.5364465802122,10.674188,-160.21307
2021-01-15 23:10:13.664,-105.55785992249696,67.0,-674.8496381858257,226.5364465802122,10.674188,-160.21307
2021-01-15 23:10:14.664,-105.55785992249696,67.0,-674.8496381858257,226.5364465802122,10.674188,-160.21307
2021-01-15 23:10:15.664,-105.55785992249696,67.0,-674.8496381858257,226.5364465802122,10.674188,-160.21307
2021-01-15 23:10:16.664,-105.55785992249696,67.0,-674.8496381858257,226.5364465802122,10.674188,-160.21307
2021-01-15 23:10:17.664,-105.55785992249696,67.0,-674.8496381858257,226.5364465802122,10.674188,-160.21307
2021-01-15 23:10:18.664,-105.55785992249696,67.0,-674.8496381858257,226.5364465802122,10.674188,-160.21307
2021-01-15 23:10:19.664,-105.55785992249696,67.0,-674.8496381858257,226.5364465802122,10.674188,-160.21307
2021-01-15 23:10:20.664,-105.55785992249696,67.0,-674.8496381858257,226.5364465802122,10.674188,-160.21307
2021-01-15 23:10:21.665,-105.55785992249696,67.0,-674.8496381858257,226.5364465802122,10.674188,-160.21307
2021-01-15 23:10:22.665,-105.55785992249696,67.0,-674.8496381858257,226.5364465802122,10.674188,-160.21307
2021-01-15 23:10:23.665,-105.55785992249696,67.0,-674.8496381858257,226.5364465802122,10.674188,-160.21307
2021-01-15 23:10:24.666,-105.55785992249696,67.0,-674.8496381858257,226.5364465802122,10.674188,-160.21307
2021-01-15 23:10:25.666,-105.55785992249696,67.0,-674.8496381858257,226.5364465802122,10.674188,-160.21307
2021-01-15 23:10:26.666,-105.55785992249696,67.0,-674.8496381858257,226.5364465802122,10.674188,-160.21307
2021-01-15 23:10:27.666,-105.55785992249696,67.0,-674.8496381858257,226.5364465802122,10.674188,-160.21307
2021-01-15 23:10:28.666,-105.55785992249696,67.0,-674.8496381858257,226.5364465802122,10.674188,-160.21307
2021-01-15 23:10:29.666,-105.55785992249696,67.0,-674.8496381858257,226.5364465802122,10.674188,-160.21307
2021-01-15 23:10:30.666,-105.55785992249696,67.0,-674.8496381858257,226.5364465802122,10.674188,-160.21307
2021-01-15 23:10:31.666,-105.55785992249696,67.0,-674.8496381858257,226.5364465802122,10.674188,-160.21307
2021-01-15 23:10:32.666,-105.55785992249696,67.0,-674.8496381858257,226.5364465802122,10.674188,-160.21307
2021-01-15 23:10:33.666,-105.55785992249696,67.0,-674.8496381858257,226.5364465802122,10.674188,-160.21307
2021-01-15 23:10:34.666,-105.55785992249696,67.0,-674.8496381858257,226.5364465802122,10.674188,-160.21307
2021-01-15 23:10:35.667,-105.55785992249696,67.0,-674.8496381858257,226.5364465802122,10.674188,-160.21307
2021-01-15 23:10:36.667,-105.55785992249696,67.0,-674.8496381858257,226.5364465802122,10.674188,-160.21307
2021-01-15 23:10:37.667,-105.55785992249696,67.0,-674.8496381858257,226.5364465802122,10.674188,-160.21307
2021-01-15 23:10:38.668,-105.55785992249696,67.0,-674.8496381858257,226.5364465802122,10.674188,-160.21307
2021-01-15 23:10:39.669,-105.55785992249696,67.0,-674.8496381858257,226.5364465802122,10.674188,-160.21307
2021-01-15 23:10:40.669,-105.55785992249696,67.0,-674.8496381858257,226.5364465802122,10.674188,-160.21307
2021-01-15 23:10:41.669,-105.55785992249696,67.0,-674.8496381858257,226.5364465802122,10.674188,-160.21307
2021-01-15 23:10:42.669,-105.55785992249696,67.0,-674.8496381858257,226.5364465802122,10.674188,-160.21307
2021-01-15 23:10:43.669,-105.55785992249696,67.0,-674.8496381858257,226.5364465802122,10.674188,-160.21307
2021-01-15 23:10:44.669,-105.55785992249696,67.0,-674.8496381858257,226.5364465802122,10.674188,-160.21307
2021-01-15 23:10:45.670,-105.55785992249696,67.0,-674.8496381858257,226.5364465802122,10.674188,-160.21307
2021-01-15 23:10:46.670,-105.55785992249696,67.0,-674.8496381858257,226.5364465802122,10.674188,-160.21307
2021-01-15 23:10:47.670,-105.55785992249696,67.0,-674.8496381858257,226.5364465802122,10.674188,-160.21307
2021-01-15 23:10:48.671,-105.55785992249696,67.0,-674.8496381858257,226.5364465802122,10.674188,-160.21307
2021-01-15 23:10:49.671,-105.55785992249696,67.0,-674.8496381858257,226.5364465802122,10.674188,-160.21307
2021-01-15 23:10:50.671,-105.55785992249696,67.0,-674.8496381858257,226.5364465802122,10.674188,-160.21307
2021-01-15 23:10:51.671,-105.55785992249696,67.0,-674.8496381858257,226.5364465802122,10.674188,-160.21307
2021-01-15 23:10:52.671,-105.55785992249696,67.0,-674.8496381858257,226.5364465802122,10.674188,-160.21307
2021-01-15 23:10:53.671,-105.55785992249696,67.0,-674.8496381858257,226.5364465802122,10.674188,-160.21307
2021-01-15 23:10:54.672,-105.55785992249696,67.0,-674.8496381858257,226.5364465802122,10.674188,-160.21307
2021-01-15 23:10:55.672,-105.55785992249696,67.0,-674.8496381858257,226.5364465802122,10.674188,-160.21307
2021-01-15 23:10:56.672,-105.55785992249696,67.0,-674.8496381858257,229.51476075482847,10.674188,-160.21307
2021-01-15 23:10:57.673,-104.54938957343029,67.0,-677.6520198296732,232.72705355246032,10.674188,-160.21307
2021-01-15 23:10:58.673,-103.21119119013237,67.79659999847412,-680.5723023681712,236.82599292215048,10.674188,-160.21307
2021-01-15 23:10:59.673,-101.82187010369906,67.0,-684.428607708155,240.9936064023979,10.674188,-160.21307
2021-01-15 23:11:00.673,-100.41069772447437,68.00133597911214,-688.3500353355445,245.01935830138547,10.674188,-160.21307
2021-01-15 23:11:01.673,-99.04756033036283,67.0,-692.1379813220888,249.06391484348472,10.674188,-160.21307
2021-01-15 23:11:02.673,-97.67805560094449,68.24918707874468,-695.9436211392994,253.29016870630008,10.674188,-160.21307
2021-01-15 23:11:03.673,-96.24702735530059,68.0,-699.9202252022067,254.6215389007284,10.674188,-160.21307
2021-01-15 23:11:04.673,-95.79793442526123,68.0,-701.1735655928431,254.6215389007284,10.674188,-160.21307
2021-01-15 23:11:05.673,-95.79793442526123,68.0,-701.1735655928431,254.6215389007284,10.674188,-160.21307
2021-01-15 23:11:06.674,-95.79793442526123,68.0,-701.1735655928431,254.6215389007284,10.674188,-160.21307
2021-01-15 23:11:07.674,-95.79793442526123,68.0,-701.1735655928431,254.6215389007284,10.674188,-160.21307
2021-01-15 23:11:08.675,-95.79793442526123,68.0,-701.1735655928431,254.6215389007284,10.674188,-160.21307
2021-01-15 23:11:09.675,-95.79793442526123,68.0,-701.1735655928431,256.52113934739316,10.674188,-160.21307
2021-01-15 23:11:10.675,-96.44114753617556,68.0,-699.3861767848563,258.9311872531567,10.674188,-160.21307
2021-01-15 23:11:11.675,-97.25548570932989,68.0,-697.1178769264119,258.9311872531567,10.674188,-160.21307
2021-01-15 23:11:12.675,-97.25548570932989,68.0,-697.1178769264119,258.9311872531567,10.674188,-160.21307
2021-01-15 23:11:13.675,-97.25548570932989,68.0,-697.1178769264119,261.2634405044992,10.674188,-160.21307
2021-01-15 23:11:14.675,-98.04519697301696,67.23152379758702,-694.9233926251685,263.0228400002177,10.674188,-160.21307
2021-01-15 23:11:15.675,-98.63921296357532,67.0,-693.2673033798392,263.0228400002177,10.674188,-160.21307
2021-01-15 23:11:16.676,-98.63921296357532,67.0,-693.2673033798392,263.85513094029574,10.674188,-160.21307
2021-01-15 23:11:17.677,-98.92103035611879,67.0,-692.4841768471537,267.2977658872613,10.674188,-160.21307
2021-01-15 23:11:18.677,-100.08672177184147,67.0,-689.2449024065761,267.33253544056157,10.674188,-160.21307
2021-01-15 23:11:19.678,-100.09676424764399,67.0,-689.2116147134079,267.33253544056157,10.674188,-160.21307
2021-01-15 23:11:20.678,-100.09676424764399,67.0,-689.2116147134079,270.95840198403647,10.674188,-160.21307
2021-01-15 23:11:21.678,-101.3244986921602,67.0,-685.799932382821,271.6421855319151,10.674188,-160.21307
2021-01-15 23:11:22.678,-101.55431553171266,67.0,-685.1559260469767,271.6421855319151,10.674188,-160.21307
2021-01-15 23:11:23.678,-101.55431553171266,67.0,-685.1559260469767,272.6846164557781,10.674188,-160.21307
2021-01-15 23:11:24.678,-101.90728725196493,67.0,-684.175072747177,275.9518337036343,10.674188,-160.21307
2021-01-15 23:11:25.678,-103.01186681578133,67.0,-681.1002373805454,275.9518337036343,10.674188,-160.21307
2021-01-15 23:11:26.678,-103.01186681578133,67.0,-681.1002373805454,275.9518337036343,10.674188,-160.21307
2021-01-15 23:11:27.678,-103.01186681578133,67.0,-681.1002373805454,275.9518337036343,10.674188,-160.21307
2021-01-15 23:11:28.678,-103.01186681578133,67.0,-681.1002373805454,277.39319443985676,10.674188,-160.21307
2021-01-15 23:11:29.678,-104.16651178489639,67.0,-680.2375000119209,277.885617806469,10.674188,-160.21307
2021-01-15 23:11:30.678,-104.4658714037309,67.0,-679.8465209963754,277.89688519042363,10.674188,-160.21307
2021-01-15 23:11:31.678,-104.46941809985,67.0,-679.835826376802,278.1463932041906,10.674188,-160.21307
2021-01-15 23:11:32.679,-104.5539026165887,67.0,-679.6010570956654,282.07114098096645,10.674188,-160.21307
2021-01-15 23:11:33.685,-105.69707209535628,67.0,-675.8464853951753,282.1410205998672,10.674188,-160.21307
2021-01-15 23:11:34.679,-105.71900713259797,67.0,-675.7801377103707,282.1410205998672,10.674188,-160.21307
2021-01-15 23:11:35.679,-105.71900713259797,67.0,-675.7801377103707,282.1410205998672,10.674188,-160.21307
2021-01-15 23:11:36.679,-105.71900713259797,67.0,-675.7801377103707,282.1410205998672,10.674188,-160.21307
2021-01-15 23:11:37.679,-105.71900713259797,67.0,-675.7801377103707,282.1410205998672,10.674188,-160.21307
2021-01-15 23:11:38.679,-105.71900713259797,67.0,-675.7801377103707,282.1410205998672,10.674188,-165.79297
2021-01-15 23:11:39.679,-105.71900713259797,67.0,-675.7801377103707,282.1410205998672,10.674188,-177.4053
2021-01-15 23:11:40.679,-105.71900713259797,67.0,-675.7801377103707,282.1410205998672,10.674188,-177.4053
2021-01-15 23:11:41.679,-105.71900713259797,67.0,-675.7801377103707,282.1410205998672,10.674188,-177.4053
2021-01-15 23:11:42.679,-105.71900713259797,67.0,-675.7801377103707,282.1410205998672,10.674188,-177.4053
2021-01-15 23:11:43.680,-105.71900713259797,67.0,-675.7801377103707,282.1410205998672,10.674188,-177.4053
2021-01-15 23:11:44.680,-105.71900713259797,67.0,-675.7801377103707,282.1410205998672,10.674188,-177.4053
2021-01-15 23:11:45.681,-105.71900713259797,67.0,-675.7801377103707,282.1410205998672,10.674188,-177.4053
2021-01-15 23:11:46.682,-105.71900713259797,67.0,-675.7801377103707,282.1410205998672,10.674188,-177.4053
2021-01-15 23:11:47.682,-105.71900713259797,67.0,-675.7801377103707,282.1410205998672,10.674188,-177.4053
2021-01-15 23:11:48.683,-105.71900713259797,67.0,-675.7801377103707,282.1410205998672,10.674188,-177.4053
2021-01-15 23:11:49.683,-105.71900713259797,67.0,-675.7801377103707,282.1410205998672,10.674188,-177.4053
2021-01-15 23:11:50.684,-105.71900713259797,67.0,-675.7801377103707,282.1410205998672,10.674188,-177.4053
2021-01-15 23:11:51.685,-105.71900713259797,67.0,-675.7801377103707,282.1410205998672,10.674188,-177.4053
2021-01-15 23:11:52.685,-105.71900713259797,67.0,-675.7801377103707,282.1410205998672,10.674188,-177.4053
2021-01-15 23:11:53.685,-105.71900713259797,67.0,-675.7801377103707,282.1410205998672,10.674188,-177.4053
2021-01-15 23:11:54.685,-105.71900713259797,67.0,-675.7801377103707,282.1410205998672,10.674188,-177.4053
2021-01-15 23:11:55.685,-105.71900713259797,67.0,-675.7801377103707,282.1410205998672,10.674188,-177.4053
2021-01-15 23:11:56.685,-105.71900713259797,67.0,-675.7801377103707,282.1410205998672,10.674188,-177.4053
2021-01-15 23:11:57.685,-105.71900713259797,67.0,-675.7801377103707,282.1410205998672,10.674188,-177.4053
2021-01-15 23:11:58.685,-105.71900713259797,67.0,-675.7801377103707,282.1410205998672,10.674188,-177.4053
2021-01-15 23:11:59.686,-105.71900713259797,67.0,-675.7801377103707,282.1410205998672,10.674188,-177.4053
2021-01-15 23:12:00.687,-105.71900713259797,67.0,-675.7801377103707,282.1410205998672,10.674188,-177.4053
2021-01-15 23:12:01.687,-105.71900713259797,67.0,-675.7801377103707,282.1410205998672,10.674188,-177.4053
2021-01-15 23:12:02.687,-105.71900713259797,67.0,-675.7801377103707,282.1410205998672,10.674188,-177.4053
2021-01-15 23:12:03.687,-105.71900713259797,67.0,-675.7801377103707,282.1410205998672,10.674188,-177.4053
2021-01-15 23:12:04.687,-105.71900713259797,67.0,-675.7801377103707,282.1410205998672,10.674188,-177.4053
2021-01-15 23:12:05.687,-105.71900713259797,67.0,-675.7801377103707,282.1410205998672,10.674188,-177.4053
2021-01-15 23:12:06.688,-105.71900713259797,67.0,-675.7801377103707,282.1410205998672,10.674188,-177.4053
2021-01-15 23:12:07.688,-105.71900713259797,67.0,-675.7801377103707,282.1410205998672,10.674188,-177.4053
2021-01-15 23:12:08.688,-105.71900713259797,67.0,-675.7801377103707,282.1410205998672,10.674188,-177.4053
2021-01-15 23:12:09.689,-105.71900713259797,67.0,-675.7801377103707,282.1410205998672,10.674188,-177.4053
2021-01-15 23:12:10.689,-105.71900713259797,67.0,-675.7801377103707,282.1410205998672,10.674188,-177.4053
2021-01-15 23:12:11.689,-105.71900713259797,67.0,-675.7801377103707,282.1410205998672,10.674188,-177.4053
2021-01-15 23:12:12.689,-105.71900713259797,67.0,-675.7801377103707,282.1410205998672,10.674188,-177.4053
2021-01-15 23:12:13.689,-105.71900713259797,67.0,-675.7801377103707,282.1410205998672,10.674188,-177.4053
2021-01-15 23:12:14.689,-105.71900713259797,67.0,-675.7801377103707,282.1410205998672,10.674188,-177.4053
2021-01-15 23:12:15.690,-105.71900713259797,67.0,-675.7801377103707,282.1410205998672,10.674188,-177.4053
2021-01-15 23:12:16.690,-105.71900713259797,67.0,-675.7801377103707,282.1410205998672,10.674188,-177.4053
2021-01-15 23:12:17.691,-105.71900713259797,67.0,-675.7801377103707,282.1410205998672,10.674188,-177.4053
2021-01-15 23:12:18.692,-105.71900713259797,67.0,-675.7801377103707,282.1410205998672,10.674188,-177.4053
2021-01-15 23:12:19.692,-105.71900713259797,67.0,-675.7801377103707,282.1410205998672,10.674188,-177.4053
2021-01-15 23:12:20.692,-105.71900713259797,67.0,-675.7801377103707,282.1410205998672,10.674188,-177.4053
2021-01-15 23:12:21.692,-105.71900713259797,67.0,-675.7801377103707,282.1410205998672,10.674188,-177.4053
2021-01-15 23:12:22.692,-105.71900713259797,67.0,-675.7801377103707,282.1410205998672,10.674188,-177.4053
2021-01-15 23:12:23.692,-105.71900713259797,67.0,-675.7801377103707,282.1410205998672,10.674188,-177.4053
2021-01-15 23:12:24.692,-105.71900713259797,67.0,-675.7801377103707,282.1410205998672,10.674188,-177.4053
2021-01-15 23:12:25.692,-105.71900713259797,67.0,-675.7801377103707,282.1410205998672,10.674188,-177.4053
2021-01-15 23:12:26.692,-105.71900713259797,67.0,-675.7801377103707,282.1410205998672,10.674188,-177.4053
2021-01-15 23:12:27.693,-105.71900713259797,67.0,-675.7801377103707,282.1410205998672,10.674188,-177.4053
2021-01-15 23:12:28.694,-105.71900713259797,67.0,-675.7801377103707,282.1410205998672,10.674188,-177.4053
2021-01-15 23:12:29.694,-105.71900713259797,67.0,-675.7801377103707,282.1410205998672,10.674188,-177.4053
2021-01-15 23:12:30.694,-105.71900713259797,67.0,-675.7801377103707,282.1410205998672,10.674188,-177.4053
2021-01-15 23:12:31.694,-105.71900713259797,67.0,-675.7801377103707,282.1410205998672,10.674188,-177.4053
2021-01-15 23:12:32.694,-105.71900713259797,67.0,-675.7801377103707,282.1410205998672,10.674188,-177.4053
2021-01-15 23:12:33.694,-105.71900713259797,67.0,-675.7801377103707,282.1410205998672,10.674188,-177.4053
2021-01-15 23:12:34.694,-105.71900713259797,67.0,-675.7801377103707,282.1410205998672,10.674188,-177.4053
2021-01-15 23:12:35.694,-105.71900713259797,67.0,-675.7801377103707,282.1410205998672,10.674188,-177.4053
2021-01-15 23:12:36.695,-105.71900713259797,67.0,-675.7801377103707,282.1410205998672,10.674188,-177.4053
2021-01-15 23:12:37.696,-105.71900713259797,67.0,-675.7801377103707,282.1410205998672,10.674188,-177.4053
2021-01-15 23:12:38.696,-105.71900713259797,67.0,-675.7801377103707,282.1410205998672,10.674188,-177.4053
2021-01-15 23:12:39.696,-105.71900713259797,67.0,-675.7801377103707,282.1410205998672,10.674188,-177.4053
2021-01-15 23:12:40.696,-105.71900713259797,67.0,-675.7801377103707,282.1410205998672,10.674188,-177.4053
2021-01-15 23:12:41.696,-105.71900713259797,67.0,-675.7801377103707,282.1410205998672,10.674188,-177.4053
2021-01-15 23:12:42.696,-105.71900713259797,67.0,-675.7801377103707,282.1410205998672,10.674188,-177.4053
