2021-01-14 15:54:23.473,melon
2021-01-14 15:54:23.473,melon
2021-01-14 15:54:23.505,melon
2021-01-14 15:54:23.506,melon
2021-01-14 15:54:23.520,melon
2021-01-14 15:54:23.521,melon
2021-01-14 15:54:23.559,melon
2021-01-14 15:54:23.560,melon
2021-01-14 15:54:23.567,melon
2021-01-14 15:54:23.567,melon
2021-01-14 15:54:23.603,melon
2021-01-14 15:54:23.604,melon
2021-01-14 15:54:23.621,melon
2021-01-14 15:54:23.622,melon
2021-01-14 15:54:23.657,melon
2021-01-14 15:54:23.657,melon
2021-01-14 15:54:23.675,melon
2021-01-14 15:54:23.676,melon
2021-01-14 15:54:23.709,melon
2021-01-14 15:54:23.710,melon
2021-01-14 15:54:23.728,melon
2021-01-14 15:54:23.728,melon
2021-01-14 15:54:23.751,melon
2021-01-14 15:54:23.751,melon
2021-01-14 15:54:23.770,melon
2021-01-14 15:54:23.770,melon
2021-01-14 15:54:23.807,melon
2021-01-14 15:54:23.807,melon
2021-01-14 15:54:23.822,melon
2021-01-14 15:54:23.822,melon
2021-01-14 15:54:23.854,melon
2021-01-14 15:54:23.854,melon
2021-01-14 15:54:23.871,melon
2021-01-14 15:54:23.871,melon
2021-01-14 15:54:23.909,melon
2021-01-14 15:54:23.910,melon
2021-01-14 15:54:23.920,melon
2021-01-14 15:54:23.920,melon
2021-01-14 15:54:23.956,melon
2021-01-14 15:54:23.956,melon
2021-01-14 15:54:23.974,melon
2021-01-14 15:54:23.974,melon
2021-01-14 15:54:24.009,melon
2021-01-14 15:54:24.010,melon
2021-01-14 15:54:24.020,melon
2021-01-14 15:54:24.020,melon
2021-01-14 15:54:24.054,melon
2021-01-14 15:54:24.054,melon
2021-01-14 15:54:24.067,melon
2021-01-14 15:54:24.067,melon
2021-01-14 15:54:24.104,melon
2021-01-14 15:54:24.104,melon
2021-01-14 15:54:24.125,melon
2021-01-14 15:54:24.125,melon
2021-01-14 15:54:24.150,melon
2021-01-14 15:54:24.150,melon
2021-01-14 15:54:24.168,melon
2021-01-14 15:54:24.168,melon
2021-01-14 15:54:24.207,melon
2021-01-14 15:54:24.207,melon
2021-01-14 15:54:24.222,melon
2021-01-14 15:54:24.222,melon
2021-01-14 15:54:24.256,melon
2021-01-14 15:54:24.256,melon
2021-01-14 15:54:24.270,melon
2021-01-14 15:54:24.271,melon
2021-01-14 15:54:24.303,melon
2021-01-14 15:54:24.303,melon
2021-01-14 15:54:24.322,melon
2021-01-14 15:54:24.322,melon
2021-01-14 15:54:24.353,melon
2021-01-14 15:54:24.354,melon
2021-01-14 15:54:24.368,melon
2021-01-14 15:54:24.368,melon
2021-01-14 15:54:24.414,melon
2021-01-14 15:54:24.415,melon
2021-01-14 15:54:24.421,melon
2021-01-14 15:54:24.421,melon
2021-01-14 15:54:24.451,melon
2021-01-14 15:54:24.452,melon
2021-01-14 15:54:24.472,melon
2021-01-14 15:54:24.473,melon
2021-01-14 15:54:24.501,melon
2021-01-14 15:54:24.502,melon
2021-01-14 15:54:24.516,melon
2021-01-14 15:54:24.517,melon
2021-01-14 15:54:24.551,melon
2021-01-14 15:54:24.552,melon
2021-01-14 15:54:24.574,melon
2021-01-14 15:54:24.574,melon
2021-01-14 15:54:24.602,melon
2021-01-14 15:54:24.603,melon
2021-01-14 15:54:24.629,melon
2021-01-14 15:54:24.629,melon
2021-01-14 15:54:24.655,melon
2021-01-14 15:54:24.655,melon
2021-01-14 15:54:24.671,melon
2021-01-14 15:54:24.671,melon
2021-01-14 15:54:24.707,melon
2021-01-14 15:54:24.707,melon
2021-01-14 15:54:24.724,melon
2021-01-14 15:54:24.725,melon
2021-01-14 15:54:24.756,melon
2021-01-14 15:54:24.757,melon
2021-01-14 15:54:24.770,melon
2021-01-14 15:54:24.770,melon
2021-01-14 15:54:24.809,melon
2021-01-14 15:54:24.809,melon
2021-01-14 15:54:24.825,melon
2021-01-14 15:54:24.826,melon
2021-01-14 15:54:24.864,melon
2021-01-14 15:54:24.864,melon
2021-01-14 15:54:24.871,melon
2021-01-14 15:54:24.872,melon
2021-01-14 15:54:24.905,melon
2021-01-14 15:54:24.906,melon
2021-01-14 15:54:24.918,melon
2021-01-14 15:54:24.918,melon
2021-01-14 15:54:24.950,melon
2021-01-14 15:54:24.950,melon
2021-01-14 15:54:24.971,melon
2021-01-14 15:54:24.972,melon
2021-01-14 15:54:25.004,melon
2021-01-14 15:54:25.004,melon
2021-01-14 15:54:25.022,melon
2021-01-14 15:54:25.023,melon
2021-01-14 15:54:25.051,melon
2021-01-14 15:54:25.051,melon
2021-01-14 15:54:25.073,melon
2021-01-14 15:54:25.073,melon
2021-01-14 15:54:25.103,melon
2021-01-14 15:54:25.104,melon
2021-01-14 15:54:25.123,melon
2021-01-14 15:54:25.123,melon
2021-01-14 15:54:25.150,melon
2021-01-14 15:54:25.150,melon
2021-01-14 15:54:25.171,melon
2021-01-14 15:54:25.172,melon
2021-01-14 15:54:25.203,melon
2021-01-14 15:54:25.203,melon
2021-01-14 15:54:25.223,melon
2021-01-14 15:54:25.223,melon
2021-01-14 15:54:25.268,melon
2021-01-14 15:54:25.268,melon
2021-01-14 15:54:25.268,melon
2021-01-14 15:54:25.268,melon
2021-01-14 15:54:25.302,melon
2021-01-14 15:54:25.303,melon
2021-01-14 15:54:25.317,melon
2021-01-14 15:54:25.317,melon
2021-01-14 15:54:25.356,melon
2021-01-14 15:54:25.356,melon
2021-01-14 15:54:25.371,melon
2021-01-14 15:54:25.371,melon
2021-01-14 15:54:25.406,melon
2021-01-14 15:54:25.406,melon
2021-01-14 15:54:25.421,melon
2021-01-14 15:54:25.422,melon
2021-01-14 15:54:25.457,melon
2021-01-14 15:54:25.457,melon
2021-01-14 15:54:25.470,melon
2021-01-14 15:54:25.471,melon
2021-01-14 15:54:25.503,melon
2021-01-14 15:54:25.504,melon
2021-01-14 15:54:25.520,melon
2021-01-14 15:54:25.521,melon
2021-01-14 15:54:25.552,melon
2021-01-14 15:54:25.552,melon
2021-01-14 15:54:25.570,melon
2021-01-14 15:54:25.571,melon
2021-01-14 15:54:25.601,melon
2021-01-14 15:54:25.601,melon
2021-01-14 15:54:25.623,melon
2021-01-14 15:54:25.624,melon
2021-01-14 15:54:25.653,melon
2021-01-14 15:54:25.653,melon
2021-01-14 15:54:25.672,melon
2021-01-14 15:54:25.672,melon
2021-01-14 15:54:25.704,melon
2021-01-14 15:54:25.705,melon
2021-01-14 15:54:25.722,melon
2021-01-14 15:54:25.722,melon
2021-01-14 15:54:25.754,melon
2021-01-14 15:54:25.755,melon
2021-01-14 15:54:25.770,melon
2021-01-14 15:54:25.770,melon
2021-01-14 15:54:25.805,melon
2021-01-14 15:54:25.806,melon
2021-01-14 15:54:25.823,melon
2021-01-14 15:54:25.823,melon
2021-01-14 15:54:25.851,melon
2021-01-14 15:54:25.852,melon
2021-01-14 15:54:25.871,melon
2021-01-14 15:54:25.872,melon
2021-01-14 15:54:25.902,melon
2021-01-14 15:54:25.903,melon
2021-01-14 15:54:25.924,melon
2021-01-14 15:54:25.924,melon
2021-01-14 15:54:25.954,melon
2021-01-14 15:54:25.954,melon
2021-01-14 15:54:25.972,melon
2021-01-14 15:54:25.972,melon
2021-01-14 15:54:26.004,melon
2021-01-14 15:54:26.005,melon
2021-01-14 15:54:26.026,melon
2021-01-14 15:54:26.026,melon
2021-01-14 15:54:26.056,melon
2021-01-14 15:54:26.056,melon
2021-01-14 15:54:26.067,melon
2021-01-14 15:54:26.067,melon
2021-01-14 15:54:26.111,melon
2021-01-14 15:54:26.111,melon
2021-01-14 15:54:26.126,melon
2021-01-14 15:54:26.126,melon
2021-01-14 15:54:26.156,melon
2021-01-14 15:54:26.156,melon
2021-01-14 15:54:26.168,melon
2021-01-14 15:54:26.169,melon
2021-01-14 15:54:26.207,melon
2021-01-14 15:54:26.207,melon
2021-01-14 15:54:26.217,melon
2021-01-14 15:54:26.218,melon
2021-01-14 15:54:26.254,melon
2021-01-14 15:54:26.254,melon
2021-01-14 15:54:26.271,melon
2021-01-14 15:54:26.271,melon
2021-01-14 15:54:26.300,melon
2021-01-14 15:54:26.301,melon
2021-01-14 15:54:26.320,melon
2021-01-14 15:54:26.321,melon
2021-01-14 15:54:26.361,melon
2021-01-14 15:54:26.362,melon
2021-01-14 15:54:26.374,melon
2021-01-14 15:54:26.374,melon
2021-01-14 15:54:26.401,melon
2021-01-14 15:54:26.402,melon
2021-01-14 15:54:26.423,melon
2021-01-14 15:54:26.424,melon
2021-01-14 15:54:26.451,melon
2021-01-14 15:54:26.452,melon
2021-01-14 15:54:26.473,melon
2021-01-14 15:54:26.473,melon
2021-01-14 15:54:26.501,melon
2021-01-14 15:54:26.501,melon
2021-01-14 15:54:26.524,melon
2021-01-14 15:54:26.524,melon
2021-01-14 15:54:26.553,melon
2021-01-14 15:54:26.554,melon
2021-01-14 15:54:26.566,melon
2021-01-14 15:54:26.567,melon
2021-01-14 15:54:26.613,melon
2021-01-14 15:54:26.614,melon
2021-01-14 15:54:26.620,melon
2021-01-14 15:54:26.621,melon
2021-01-14 15:54:26.661,melon
2021-01-14 15:54:26.662,melon
2021-01-14 15:54:26.674,melon
2021-01-14 15:54:26.674,melon
2021-01-14 15:54:26.700,melon
2021-01-14 15:54:26.700,melon
2021-01-14 15:54:26.717,melon
2021-01-14 15:54:26.718,melon
2021-01-14 15:54:26.754,melon
2021-01-14 15:54:26.755,melon
2021-01-14 15:54:26.768,melon
2021-01-14 15:54:26.769,melon
2021-01-14 15:54:26.802,melon
2021-01-14 15:54:26.802,melon
2021-01-14 15:54:26.822,melon
2021-01-14 15:54:26.822,melon
2021-01-14 15:54:26.854,melon
2021-01-14 15:54:26.854,melon
2021-01-14 15:54:26.872,melon
2021-01-14 15:54:26.872,melon
2021-01-14 15:54:26.902,melon
2021-01-14 15:54:26.902,melon
2021-01-14 15:54:26.920,melon
2021-01-14 15:54:26.920,melon
2021-01-14 15:54:26.956,melon
2021-01-14 15:54:26.956,melon
2021-01-14 15:54:26.969,melon
2021-01-14 15:54:26.970,melon
2021-01-14 15:54:27.007,melon
2021-01-14 15:54:27.007,melon
2021-01-14 15:54:27.025,melon
2021-01-14 15:54:27.025,melon
2021-01-14 15:54:27.054,melon
2021-01-14 15:54:27.054,melon
2021-01-14 15:54:27.067,melon
2021-01-14 15:54:27.067,melon
2021-01-14 15:54:27.106,melon
2021-01-14 15:54:27.106,melon
2021-01-14 15:54:27.121,melon
2021-01-14 15:54:27.122,melon
2021-01-14 15:54:27.151,melon
2021-01-14 15:54:27.151,melon
2021-01-14 15:54:27.175,melon
2021-01-14 15:54:27.175,melon
2021-01-14 15:54:27.209,melon
2021-01-14 15:54:27.210,melon
2021-01-14 15:54:27.222,melon
2021-01-14 15:54:27.222,melon
2021-01-14 15:54:27.253,melon
2021-01-14 15:54:27.253,melon
2021-01-14 15:54:27.272,melon
2021-01-14 15:54:27.272,melon
2021-01-14 15:54:27.300,melon
2021-01-14 15:54:27.301,melon
2021-01-14 15:54:27.324,melon
2021-01-14 15:54:27.324,melon
2021-01-14 15:54:27.354,melon
2021-01-14 15:54:27.354,melon
2021-01-14 15:54:27.366,melon
2021-01-14 15:54:27.366,melon
2021-01-14 15:54:27.404,melon
2021-01-14 15:54:27.404,melon
2021-01-14 15:54:27.420,melon
2021-01-14 15:54:27.420,melon
2021-01-14 15:54:27.458,melon
2021-01-14 15:54:27.458,melon
2021-01-14 15:54:27.471,melon
2021-01-14 15:54:27.471,melon
2021-01-14 15:54:27.502,melon
2021-01-14 15:54:27.502,melon
2021-01-14 15:54:27.520,melon
2021-01-14 15:54:27.520,melon
2021-01-14 15:54:27.552,melon
2021-01-14 15:54:27.552,melon
2021-01-14 15:54:27.569,melon
2021-01-14 15:54:27.570,melon
2021-01-14 15:54:27.604,melon
2021-01-14 15:54:27.604,melon
2021-01-14 15:54:27.620,melon
2021-01-14 15:54:27.620,melon
2021-01-14 15:54:27.660,melon
2021-01-14 15:54:27.661,melon
2021-01-14 15:54:27.675,melon
2021-01-14 15:54:27.675,melon
2021-01-14 15:54:27.708,melon
2021-01-14 15:54:27.708,melon
2021-01-14 15:54:27.722,melon
2021-01-14 15:54:27.722,melon
2021-01-14 15:54:27.751,melon
2021-01-14 15:54:27.751,melon
2021-01-14 15:54:27.767,melon
2021-01-14 15:54:27.767,melon
2021-01-14 15:54:27.804,melon
2021-01-14 15:54:27.804,melon
2021-01-14 15:54:27.818,melon
2021-01-14 15:54:27.818,melon
2021-01-14 15:54:27.853,melon
2021-01-14 15:54:27.853,melon
2021-01-14 15:54:27.870,melon
2021-01-14 15:54:27.870,melon
2021-01-14 15:54:27.906,melon
2021-01-14 15:54:27.906,melon
2021-01-14 15:54:27.922,melon
2021-01-14 15:54:27.922,melon
2021-01-14 15:54:27.950,melon
2021-01-14 15:54:27.951,melon
2021-01-14 15:54:27.972,melon
2021-01-14 15:54:27.972,melon
2021-01-14 15:54:28.007,melon
2021-01-14 15:54:28.007,melon
2021-01-14 15:54:28.019,melon
2021-01-14 15:54:28.019,melon
2021-01-14 15:54:28.057,melon
2021-01-14 15:54:28.058,melon
2021-01-14 15:54:28.068,melon
2021-01-14 15:54:28.069,melon
2021-01-14 15:54:28.105,melon
2021-01-14 15:54:28.105,melon
2021-01-14 15:54:28.117,melon
2021-01-14 15:54:28.117,melon
2021-01-14 15:54:28.161,melon
2021-01-14 15:54:28.162,melon
2021-01-14 15:54:28.170,melon
2021-01-14 15:54:28.170,melon
2021-01-14 15:54:28.213,melon
2021-01-14 15:54:28.214,melon
2021-01-14 15:54:28.220,melon
2021-01-14 15:54:28.221,melon
2021-01-14 15:54:28.252,melon
2021-01-14 15:54:28.252,melon
2021-01-14 15:54:28.265,melon
2021-01-14 15:54:28.265,melon
2021-01-14 15:54:28.303,melon
2021-01-14 15:54:28.303,melon
2021-01-14 15:54:28.318,melon
2021-01-14 15:54:28.318,melon
2021-01-14 15:54:28.358,melon
2021-01-14 15:54:28.358,melon
2021-01-14 15:54:28.371,melon
2021-01-14 15:54:28.372,melon
2021-01-14 15:54:28.404,melon
2021-01-14 15:54:28.405,melon
2021-01-14 15:54:28.422,melon
2021-01-14 15:54:28.423,melon
2021-01-14 15:54:28.450,melon
2021-01-14 15:54:28.450,melon
2021-01-14 15:54:28.474,melon
2021-01-14 15:54:28.474,melon
2021-01-14 15:54:28.506,melon
2021-01-14 15:54:28.506,melon
2021-01-14 15:54:28.520,melon
2021-01-14 15:54:28.521,melon
2021-01-14 15:54:28.556,melon
2021-01-14 15:54:28.556,melon
2021-01-14 15:54:28.570,melon
2021-01-14 15:54:28.570,melon
2021-01-14 15:54:28.605,melon
2021-01-14 15:54:28.605,melon
2021-01-14 15:54:28.622,melon
2021-01-14 15:54:28.622,melon
2021-01-14 15:54:28.653,melon
2021-01-14 15:54:28.653,melon
2021-01-14 15:54:28.669,melon
2021-01-14 15:54:28.669,melon
2021-01-14 15:54:28.707,melon
2021-01-14 15:54:28.707,melon
2021-01-14 15:54:28.726,melon
2021-01-14 15:54:28.726,melon
2021-01-14 15:54:28.754,melon
2021-01-14 15:54:28.754,melon
2021-01-14 15:54:28.768,melon
2021-01-14 15:54:28.768,melon
2021-01-14 15:54:28.803,melon
2021-01-14 15:54:28.803,melon
2021-01-14 15:54:28.819,melon
2021-01-14 15:54:28.819,melon
2021-01-14 15:54:28.858,melon
2021-01-14 15:54:28.858,melon
2021-01-14 15:54:28.871,melon
2021-01-14 15:54:28.872,melon
2021-01-14 15:54:28.906,melon
2021-01-14 15:54:28.906,melon
2021-01-14 15:54:28.925,melon
2021-01-14 15:54:28.925,melon
2021-01-14 15:54:28.953,melon
2021-01-14 15:54:28.953,melon
2021-01-14 15:54:28.972,melon
2021-01-14 15:54:28.972,melon
2021-01-14 15:54:29.002,melon
2021-01-14 15:54:29.002,melon
2021-01-14 15:54:29.023,melon
2021-01-14 15:54:29.023,melon
2021-01-14 15:54:29.054,melon
2021-01-14 15:54:29.054,melon
2021-01-14 15:54:29.069,melon
2021-01-14 15:54:29.070,melon
2021-01-14 15:54:29.103,melon
2021-01-14 15:54:29.103,melon
2021-01-14 15:54:29.120,melon
2021-01-14 15:54:29.120,melon
2021-01-14 15:54:29.156,melon
2021-01-14 15:54:29.156,melon
2021-01-14 15:54:29.170,melon
2021-01-14 15:54:29.171,melon
2021-01-14 15:54:29.209,melon
2021-01-14 15:54:29.209,melon
2021-01-14 15:54:29.226,melon
2021-01-14 15:54:29.226,melon
2021-01-14 15:54:29.258,melon
2021-01-14 15:54:29.258,melon
2021-01-14 15:54:29.270,melon
2021-01-14 15:54:29.270,melon
2021-01-14 15:54:29.302,melon
2021-01-14 15:54:29.302,melon
2021-01-14 15:54:29.322,melon
2021-01-14 15:54:29.322,melon
2021-01-14 15:54:29.351,melon
2021-01-14 15:54:29.352,melon
2021-01-14 15:54:29.368,melon
2021-01-14 15:54:29.369,melon
2021-01-14 15:54:29.403,melon
2021-01-14 15:54:29.404,melon
2021-01-14 15:54:29.422,melon
2021-01-14 15:54:29.422,melon
2021-01-14 15:54:29.455,melon
2021-01-14 15:54:29.456,melon
2021-01-14 15:54:29.470,melon
2021-01-14 15:54:29.471,melon
2021-01-14 15:54:29.507,melon
2021-01-14 15:54:29.507,melon
2021-01-14 15:54:29.521,melon
2021-01-14 15:54:29.522,melon
2021-01-14 15:54:29.559,melon
2021-01-14 15:54:29.559,melon
2021-01-14 15:54:29.568,melon
2021-01-14 15:54:29.568,melon
2021-01-14 15:54:29.601,melon
2021-01-14 15:54:29.601,melon
2021-01-14 15:54:29.619,melon
2021-01-14 15:54:29.619,melon
2021-01-14 15:54:29.656,melon
2021-01-14 15:54:29.656,melon
2021-01-14 15:54:29.669,melon
2021-01-14 15:54:29.670,melon
2021-01-14 15:54:29.702,melon
2021-01-14 15:54:29.703,melon
2021-01-14 15:54:29.724,melon
2021-01-14 15:54:29.724,melon
2021-01-14 15:54:29.759,melon
2021-01-14 15:54:29.760,melon
2021-01-14 15:54:29.768,melon
2021-01-14 15:54:29.768,melon
2021-01-14 15:54:29.805,melon
2021-01-14 15:54:29.806,melon
2021-01-14 15:54:29.821,melon
2021-01-14 15:54:29.821,melon
2021-01-14 15:54:29.855,melon
2021-01-14 15:54:29.855,melon
2021-01-14 15:54:29.871,melon
2021-01-14 15:54:29.871,melon
2021-01-14 15:54:29.906,melon
2021-01-14 15:54:29.907,melon
2021-01-14 15:54:29.923,melon
2021-01-14 15:54:29.923,melon
2021-01-14 15:54:29.955,melon
2021-01-14 15:54:29.955,melon
2021-01-14 15:54:29.965,melon
2021-01-14 15:54:29.965,melon
2021-01-14 15:54:30.008,melon
2021-01-14 15:54:30.009,melon
2021-01-14 15:54:30.023,melon
2021-01-14 15:54:30.024,melon
2021-01-14 15:54:30.055,melon
2021-01-14 15:54:30.056,melon
2021-01-14 15:54:30.070,melon
2021-01-14 15:54:30.071,melon
2021-01-14 15:54:30.110,melon
2021-01-14 15:54:30.110,melon
2021-01-14 15:54:30.125,melon
2021-01-14 15:54:30.126,melon
2021-01-14 15:54:30.153,melon
2021-01-14 15:54:30.153,melon
2021-01-14 15:54:30.168,melon
2021-01-14 15:54:30.168,melon
2021-01-14 15:54:30.214,melon
2021-01-14 15:54:30.215,melon
2021-01-14 15:54:30.222,melon
2021-01-14 15:54:30.222,melon
2021-01-14 15:54:30.256,melon
2021-01-14 15:54:30.256,melon
2021-01-14 15:54:30.265,melon
2021-01-14 15:54:30.266,melon
2021-01-14 15:54:30.308,melon
2021-01-14 15:54:30.308,melon
2021-01-14 15:54:30.321,melon
2021-01-14 15:54:30.321,melon
2021-01-14 15:54:30.353,melon
2021-01-14 15:54:30.353,melon
2021-01-14 15:54:30.372,melon
2021-01-14 15:54:30.372,melon
2021-01-14 15:54:30.403,melon
2021-01-14 15:54:30.403,melon
2021-01-14 15:54:30.421,melon
2021-01-14 15:54:30.421,melon
2021-01-14 15:54:30.464,melon
2021-01-14 15:54:30.464,melon
2021-01-14 15:54:30.472,melon
2021-01-14 15:54:30.472,melon
2021-01-14 15:54:30.506,melon
2021-01-14 15:54:30.506,melon
2021-01-14 15:54:30.522,melon
2021-01-14 15:54:30.522,melon
2021-01-14 15:54:30.553,melon
2021-01-14 15:54:30.553,melon
2021-01-14 15:54:30.574,melon
2021-01-14 15:54:30.574,melon
2021-01-14 15:54:30.601,melon
2021-01-14 15:54:30.602,melon
2021-01-14 15:54:30.625,melon
2021-01-14 15:54:30.626,melon
2021-01-14 15:54:30.655,melon
2021-01-14 15:54:30.655,melon
2021-01-14 15:54:30.673,melon
2021-01-14 15:54:30.673,melon
2021-01-14 15:54:30.706,melon
2021-01-14 15:54:30.706,melon
2021-01-14 15:54:30.721,melon
2021-01-14 15:54:30.721,melon
2021-01-14 15:54:30.763,melon
2021-01-14 15:54:30.764,melon
2021-01-14 15:54:30.776,melon
2021-01-14 15:54:30.776,melon
2021-01-14 15:54:30.809,melon
2021-01-14 15:54:30.809,melon
2021-01-14 15:54:30.820,melon
2021-01-14 15:54:30.820,melon
2021-01-14 15:54:30.852,melon
2021-01-14 15:54:30.852,melon
2021-01-14 15:54:30.872,melon
2021-01-14 15:54:30.872,melon
2021-01-14 15:54:30.908,melon
2021-01-14 15:54:30.908,melon
2021-01-14 15:54:30.922,melon
2021-01-14 15:54:30.922,melon
2021-01-14 15:54:30.955,melon
2021-01-14 15:54:30.955,melon
2021-01-14 15:54:30.974,melon
2021-01-14 15:54:30.974,melon
2021-01-14 15:54:31.006,melon
2021-01-14 15:54:31.006,melon
2021-01-14 15:54:31.025,melon
2021-01-14 15:54:31.025,melon
2021-01-14 15:54:31.054,melon
2021-01-14 15:54:31.055,melon
2021-01-14 15:54:31.075,melon
2021-01-14 15:54:31.076,melon
2021-01-14 15:54:31.106,melon
2021-01-14 15:54:31.106,melon
2021-01-14 15:54:31.119,melon
2021-01-14 15:54:31.119,melon
2021-01-14 15:54:31.155,melon
2021-01-14 15:54:31.156,melon
2021-01-14 15:54:31.169,melon
2021-01-14 15:54:31.169,melon
2021-01-14 15:54:31.207,melon
2021-01-14 15:54:31.208,melon
2021-01-14 15:54:31.220,melon
2021-01-14 15:54:31.220,melon
2021-01-14 15:54:31.253,melon
2021-01-14 15:54:31.253,melon
2021-01-14 15:54:31.277,melon
2021-01-14 15:54:31.278,melon
2021-01-14 15:54:31.306,melon
2021-01-14 15:54:31.306,melon
2021-01-14 15:54:31.319,melon
2021-01-14 15:54:31.320,melon
2021-01-14 15:54:31.352,melon
2021-01-14 15:54:31.352,melon
2021-01-14 15:54:31.371,melon
2021-01-14 15:54:31.371,melon
2021-01-14 15:54:31.405,melon
2021-01-14 15:54:31.405,melon
2021-01-14 15:54:31.421,melon
2021-01-14 15:54:31.421,melon
2021-01-14 15:54:31.452,melon
2021-01-14 15:54:31.453,melon
2021-01-14 15:54:31.471,melon
2021-01-14 15:54:31.471,melon
2021-01-14 15:54:31.505,melon
2021-01-14 15:54:31.505,melon
2021-01-14 15:54:31.522,melon
2021-01-14 15:54:31.522,melon
2021-01-14 15:54:31.559,melon
2021-01-14 15:54:31.559,melon
2021-01-14 15:54:31.573,melon
2021-01-14 15:54:31.574,melon
2021-01-14 15:54:31.608,melon
2021-01-14 15:54:31.608,melon
2021-01-14 15:54:31.616,melon
2021-01-14 15:54:31.616,melon
2021-01-14 15:54:31.659,melon
2021-01-14 15:54:31.659,melon
2021-01-14 15:54:31.674,melon
2021-01-14 15:54:31.674,melon
2021-01-14 15:54:31.705,melon
2021-01-14 15:54:31.705,melon
2021-01-14 15:54:31.723,melon
2021-01-14 15:54:31.724,melon
2021-01-14 15:54:31.753,melon
2021-01-14 15:54:31.753,melon
2021-01-14 15:54:31.773,melon
2021-01-14 15:54:31.773,melon
2021-01-14 15:54:31.805,melon
2021-01-14 15:54:31.805,melon
2021-01-14 15:54:31.823,melon
2021-01-14 15:54:31.823,melon
2021-01-14 15:54:31.853,melon
2021-01-14 15:54:31.854,melon
2021-01-14 15:54:31.872,melon
2021-01-14 15:54:31.873,melon
2021-01-14 15:54:31.903,melon
2021-01-14 15:54:31.904,melon
2021-01-14 15:54:31.924,melon
2021-01-14 15:54:31.924,melon
2021-01-14 15:54:31.956,melon
2021-01-14 15:54:31.957,melon
2021-01-14 15:54:31.971,melon
2021-01-14 15:54:31.971,melon
2021-01-14 15:54:32.003,melon
2021-01-14 15:54:32.004,melon
2021-01-14 15:54:32.022,melon
2021-01-14 15:54:32.022,melon
2021-01-14 15:54:32.054,melon
2021-01-14 15:54:32.055,melon
2021-01-14 15:54:32.073,melon
2021-01-14 15:54:32.073,melon
2021-01-14 15:54:32.105,melon
2021-01-14 15:54:32.105,melon
2021-01-14 15:54:32.127,melon
2021-01-14 15:54:32.127,melon
2021-01-14 15:54:32.153,melon
2021-01-14 15:54:32.154,melon
2021-01-14 15:54:32.168,melon
2021-01-14 15:54:32.168,melon
2021-01-14 15:54:32.210,melon
2021-01-14 15:54:32.210,melon
2021-01-14 15:54:32.225,melon
2021-01-14 15:54:32.225,melon
2021-01-14 15:54:32.258,melon
2021-01-14 15:54:32.259,melon
2021-01-14 15:54:32.271,melon
2021-01-14 15:54:32.271,melon
2021-01-14 15:54:32.304,melon
2021-01-14 15:54:32.305,melon
2021-01-14 15:54:32.321,melon
2021-01-14 15:54:32.321,melon
2021-01-14 15:54:32.357,melon
2021-01-14 15:54:32.357,melon
2021-01-14 15:54:32.370,melon
2021-01-14 15:54:32.370,melon
2021-01-14 15:54:32.402,melon
2021-01-14 15:54:32.403,melon
2021-01-14 15:54:32.425,melon
2021-01-14 15:54:32.425,melon
2021-01-14 15:54:32.454,melon
2021-01-14 15:54:32.454,melon
2021-01-14 15:54:32.467,melon
2021-01-14 15:54:32.467,melon
2021-01-14 15:54:32.505,melon
2021-01-14 15:54:32.505,melon
2021-01-14 15:54:32.518,melon
2021-01-14 15:54:32.519,melon
2021-01-14 15:54:32.554,melon
2021-01-14 15:54:32.554,melon
2021-01-14 15:54:32.568,melon
2021-01-14 15:54:32.569,melon
2021-01-14 15:54:32.605,melon
2021-01-14 15:54:32.605,melon
2021-01-14 15:54:32.627,melon
2021-01-14 15:54:32.627,melon
2021-01-14 15:54:32.656,melon
2021-01-14 15:54:32.657,melon
2021-01-14 15:54:32.670,melon
2021-01-14 15:54:32.671,melon
2021-01-14 15:54:32.709,melon
2021-01-14 15:54:32.709,melon
2021-01-14 15:54:32.724,melon
2021-01-14 15:54:32.724,melon
2021-01-14 15:54:32.757,melon
2021-01-14 15:54:32.757,melon
2021-01-14 15:54:32.768,melon
2021-01-14 15:54:32.768,melon
2021-01-14 15:54:32.803,melon
2021-01-14 15:54:32.803,melon
2021-01-14 15:54:32.820,melon
2021-01-14 15:54:32.820,melon
2021-01-14 15:54:32.854,melon
2021-01-14 15:54:32.854,melon
2021-01-14 15:54:32.870,melon
2021-01-14 15:54:32.870,melon
2021-01-14 15:54:32.911,melon
2021-01-14 15:54:32.911,melon
2021-01-14 15:54:32.925,melon
2021-01-14 15:54:32.925,melon
2021-01-14 15:54:32.953,melon
2021-01-14 15:54:32.953,melon
2021-01-14 15:54:32.968,melon
2021-01-14 15:54:32.968,melon
2021-01-14 15:54:33.004,melon
2021-01-14 15:54:33.004,melon
2021-01-14 15:54:33.021,melon
2021-01-14 15:54:33.022,melon
2021-01-14 15:54:33.053,melon
2021-01-14 15:54:33.053,melon
2021-01-14 15:54:33.074,melon
2021-01-14 15:54:33.074,melon
2021-01-14 15:54:33.107,melon
2021-01-14 15:54:33.108,melon
2021-01-14 15:54:33.123,melon
2021-01-14 15:54:33.124,melon
2021-01-14 15:54:33.159,melon
2021-01-14 15:54:33.160,melon
2021-01-14 15:54:33.172,melon
2021-01-14 15:54:33.172,melon
2021-01-14 15:54:33.208,melon
2021-01-14 15:54:33.208,melon
2021-01-14 15:54:33.220,melon
2021-01-14 15:54:33.220,melon
2021-01-14 15:54:33.255,melon
2021-01-14 15:54:33.255,melon
2021-01-14 15:54:33.269,melon
2021-01-14 15:54:33.269,melon
2021-01-14 15:54:33.303,melon
2021-01-14 15:54:33.303,melon
2021-01-14 15:54:33.318,melon
2021-01-14 15:54:33.319,melon
2021-01-14 15:54:33.358,melon
2021-01-14 15:54:33.358,melon
2021-01-14 15:54:33.372,melon
2021-01-14 15:54:33.372,melon
2021-01-14 15:54:33.406,melon
2021-01-14 15:54:33.407,melon
2021-01-14 15:54:33.426,melon
2021-01-14 15:54:33.426,melon
2021-01-14 15:54:33.461,melon
2021-01-14 15:54:33.462,melon
2021-01-14 15:54:33.472,melon
2021-01-14 15:54:33.473,melon
2021-01-14 15:54:33.506,melon
2021-01-14 15:54:33.506,melon
2021-01-14 15:54:33.526,melon
2021-01-14 15:54:33.527,melon
2021-01-14 15:54:33.556,melon
2021-01-14 15:54:33.556,melon
2021-01-14 15:54:33.569,melon
2021-01-14 15:54:33.569,melon
2021-01-14 15:54:33.607,melon
2021-01-14 15:54:33.607,melon
2021-01-14 15:54:33.627,melon
2021-01-14 15:54:33.628,melon
2021-01-14 15:54:33.653,melon
2021-01-14 15:54:33.653,melon
2021-01-14 15:54:33.670,melon
2021-01-14 15:54:33.670,melon
2021-01-14 15:54:33.705,melon
2021-01-14 15:54:33.705,melon
2021-01-14 15:54:33.722,melon
2021-01-14 15:54:33.722,melon
2021-01-14 15:54:33.751,melon
2021-01-14 15:54:33.751,melon
2021-01-14 15:54:33.776,melon
2021-01-14 15:54:33.776,melon
2021-01-14 15:54:33.800,melon
2021-01-14 15:54:33.800,melon
2021-01-14 15:54:33.826,melon
2021-01-14 15:54:33.826,melon
2021-01-14 15:54:33.853,melon
2021-01-14 15:54:33.853,melon
2021-01-14 15:54:33.867,melon
2021-01-14 15:54:33.868,melon
2021-01-14 15:54:33.909,melon
2021-01-14 15:54:33.910,melon
2021-01-14 15:54:33.925,melon
2021-01-14 15:54:33.926,melon
2021-01-14 15:54:33.951,melon
2021-01-14 15:54:33.952,melon
2021-01-14 15:54:33.969,melon
2021-01-14 15:54:33.969,melon
2021-01-14 15:54:34.007,melon
2021-01-14 15:54:34.007,melon
2021-01-14 15:54:34.019,melon
2021-01-14 15:54:34.019,melon
2021-01-14 15:54:34.056,melon
2021-01-14 15:54:34.056,melon
2021-01-14 15:54:34.068,melon
2021-01-14 15:54:34.068,melon
2021-01-14 15:54:34.107,melon
2021-01-14 15:54:34.107,melon
2021-01-14 15:54:34.117,melon
2021-01-14 15:54:34.117,melon
2021-01-14 15:54:34.154,melon
2021-01-14 15:54:34.154,melon
2021-01-14 15:54:34.175,melon
2021-01-14 15:54:34.175,melon
2021-01-14 15:54:34.209,melon
2021-01-14 15:54:34.209,melon
2021-01-14 15:54:34.222,melon
2021-01-14 15:54:34.222,melon
2021-01-14 15:54:34.251,melon
2021-01-14 15:54:34.251,melon
2021-01-14 15:54:34.272,melon
2021-01-14 15:54:34.272,melon
2021-01-14 15:54:34.307,melon
2021-01-14 15:54:34.307,melon
2021-01-14 15:54:34.326,melon
2021-01-14 15:54:34.326,melon
2021-01-14 15:54:34.353,melon
2021-01-14 15:54:34.353,melon
2021-01-14 15:54:34.371,melon
2021-01-14 15:54:34.371,melon
2021-01-14 15:54:34.408,melon
2021-01-14 15:54:34.408,melon
2021-01-14 15:54:34.418,melon
2021-01-14 15:54:34.418,melon
2021-01-14 15:54:34.455,melon
2021-01-14 15:54:34.455,melon
2021-01-14 15:54:34.466,melon
2021-01-14 15:54:34.467,melon
2021-01-14 15:54:34.508,melon
2021-01-14 15:54:34.508,melon
2021-01-14 15:54:34.523,melon
2021-01-14 15:54:34.524,melon
2021-01-14 15:54:34.555,melon
2021-01-14 15:54:34.555,melon
2021-01-14 15:54:34.573,melon
2021-01-14 15:54:34.574,melon
2021-01-14 15:54:34.603,melon
2021-01-14 15:54:34.603,melon
2021-01-14 15:54:34.618,melon
2021-01-14 15:54:34.619,melon
2021-01-14 15:54:34.654,melon
2021-01-14 15:54:34.654,melon
2021-01-14 15:54:34.676,melon
2021-01-14 15:54:34.676,melon
2021-01-14 15:54:34.708,melon
2021-01-14 15:54:34.708,melon
2021-01-14 15:54:34.719,melon
2021-01-14 15:54:34.719,melon
2021-01-14 15:54:34.752,melon
2021-01-14 15:54:34.752,melon
2021-01-14 15:54:34.768,melon
2021-01-14 15:54:34.768,melon
2021-01-14 15:54:34.805,melon
2021-01-14 15:54:34.805,melon
2021-01-14 15:54:34.819,melon
2021-01-14 15:54:34.819,melon
2021-01-14 15:54:34.852,melon
2021-01-14 15:54:34.853,melon
2021-01-14 15:54:34.869,melon
2021-01-14 15:54:34.869,melon
2021-01-14 15:54:34.906,melon
2021-01-14 15:54:34.906,melon
2021-01-14 15:54:34.919,melon
2021-01-14 15:54:34.919,melon
2021-01-14 15:54:34.952,melon
2021-01-14 15:54:34.952,melon
2021-01-14 15:54:34.968,melon
2021-01-14 15:54:34.968,melon
2021-01-14 15:54:35.004,melon
2021-01-14 15:54:35.004,melon
2021-01-14 15:54:35.019,melon
2021-01-14 15:54:35.020,melon
2021-01-14 15:54:35.050,melon
2021-01-14 15:54:35.051,melon
2021-01-14 15:54:35.067,melon
2021-01-14 15:54:35.067,melon
2021-01-14 15:54:35.104,melon
2021-01-14 15:54:35.104,melon
2021-01-14 15:54:35.121,melon
2021-01-14 15:54:35.122,melon
2021-01-14 15:54:35.151,melon
2021-01-14 15:54:35.152,melon
2021-01-14 15:54:35.173,melon
2021-01-14 15:54:35.173,melon
2021-01-14 15:54:35.207,melon
2021-01-14 15:54:35.207,melon
2021-01-14 15:54:35.219,melon
2021-01-14 15:54:35.220,melon
2021-01-14 15:54:35.253,melon
2021-01-14 15:54:35.253,melon
2021-01-14 15:54:35.270,melon
2021-01-14 15:54:35.270,melon
2021-01-14 15:54:35.306,melon
2021-01-14 15:54:35.307,melon
2021-01-14 15:55:27.121,melon
2021-01-14 15:55:27.121,melon
2021-01-14 15:55:27.157,melon
2021-01-14 15:55:27.157,melon
2021-01-14 15:55:27.171,melon
2021-01-14 15:55:27.171,melon
2021-01-14 15:55:27.206,melon
2021-01-14 15:55:27.206,melon
2021-01-14 15:55:27.221,melon
2021-01-14 15:55:27.221,melon
2021-01-14 15:55:27.252,melon
2021-01-14 15:55:27.252,melon
2021-01-14 15:55:27.270,melon
2021-01-14 15:55:27.271,melon
2021-01-14 15:55:27.302,melon
2021-01-14 15:55:27.302,melon
2021-01-14 15:55:27.329,melon
2021-01-14 15:55:27.330,melon
2021-01-14 15:55:27.349,melon
2021-01-14 15:55:27.349,melon
2021-01-14 15:55:27.369,melon
2021-01-14 15:55:27.369,melon
2021-01-14 15:55:27.403,melon
2021-01-14 15:55:27.403,melon
2021-01-14 15:55:27.421,melon
2021-01-14 15:55:27.421,melon
2021-01-14 15:55:27.448,melon
2021-01-14 15:55:27.448,melon
2021-01-14 15:55:27.474,melon
2021-01-14 15:55:27.474,melon
2021-01-14 15:55:27.513,melon
2021-01-14 15:55:27.513,melon
2021-01-14 15:55:27.520,melon
2021-01-14 15:55:27.520,melon
2021-01-14 15:55:27.558,melon
2021-01-14 15:55:27.558,melon
2021-01-14 15:55:27.574,melon
2021-01-14 15:55:27.574,melon
2021-01-14 15:55:27.604,melon
2021-01-14 15:55:27.604,melon
2021-01-14 15:55:27.619,melon
2021-01-14 15:55:27.620,melon
2021-01-14 15:55:27.653,melon
2021-01-14 15:55:27.653,melon
2021-01-14 15:55:27.671,melon
2021-01-14 15:55:27.671,melon
2021-01-14 15:55:27.701,melon
2021-01-14 15:55:27.701,melon
2021-01-14 15:55:27.725,melon
2021-01-14 15:55:27.726,melon
2021-01-14 15:55:27.750,melon
2021-01-14 15:55:27.750,melon
2021-01-14 15:55:27.768,melon
2021-01-14 15:55:27.768,melon
2021-01-14 15:55:27.803,melon
2021-01-14 15:55:27.804,melon
2021-01-14 15:55:27.818,melon
2021-01-14 15:55:27.818,melon
2021-01-14 15:55:27.855,melon
2021-01-14 15:55:27.855,melon
2021-01-14 15:55:27.873,melon
2021-01-14 15:55:27.873,melon
2021-01-14 15:55:27.903,melon
2021-01-14 15:55:27.904,melon
2021-01-14 15:55:27.917,melon
2021-01-14 15:55:27.917,melon
2021-01-14 15:55:27.955,melon
2021-01-14 15:55:27.955,melon
2021-01-14 15:55:27.970,melon
2021-01-14 15:55:27.971,melon
2021-01-14 15:55:28.006,melon
2021-01-14 15:55:28.006,melon
2021-01-14 15:55:28.025,melon
2021-01-14 15:55:28.025,melon
2021-01-14 15:55:28.053,melon
2021-01-14 15:55:28.053,melon
2021-01-14 15:55:28.073,melon
2021-01-14 15:55:28.073,melon
2021-01-14 15:55:28.101,melon
2021-01-14 15:55:28.101,melon
2021-01-14 15:55:28.123,melon
2021-01-14 15:55:28.123,melon
2021-01-14 15:55:28.152,melon
2021-01-14 15:55:28.152,melon
2021-01-14 15:55:28.167,melon
2021-01-14 15:55:28.167,melon
2021-01-14 15:55:28.206,melon
2021-01-14 15:55:28.206,melon
2021-01-14 15:55:28.221,melon
2021-01-14 15:55:28.222,melon
2021-01-14 15:55:28.251,melon
2021-01-14 15:55:28.251,melon
2021-01-14 15:55:28.266,melon
2021-01-14 15:55:28.266,melon
2021-01-14 15:55:28.306,melon
2021-01-14 15:55:28.307,melon
2021-01-14 15:55:28.322,melon
2021-01-14 15:55:28.322,melon
2021-01-14 15:55:28.352,melon
2021-01-14 15:55:28.352,melon
2021-01-14 15:55:28.367,melon
2021-01-14 15:55:28.367,melon
2021-01-14 15:55:28.403,melon
2021-01-14 15:55:28.403,melon
2021-01-14 15:55:28.418,melon
2021-01-14 15:55:28.418,melon
2021-01-14 15:55:28.451,melon
2021-01-14 15:55:28.451,melon
2021-01-14 15:55:28.467,melon
2021-01-14 15:55:28.467,melon
2021-01-14 15:55:28.502,melon
2021-01-14 15:55:28.502,melon
2021-01-14 15:55:28.517,melon
2021-01-14 15:55:28.517,melon
2021-01-14 15:55:28.556,melon
2021-01-14 15:55:28.556,melon
2021-01-14 15:55:28.570,melon
2021-01-14 15:55:28.570,melon
2021-01-14 15:55:28.600,melon
2021-01-14 15:55:28.600,melon
2021-01-14 15:55:28.626,melon
2021-01-14 15:55:28.626,melon
2021-01-14 15:55:28.657,melon
2021-01-14 15:55:28.657,melon
2021-01-14 15:55:28.673,melon
2021-01-14 15:55:28.673,melon
2021-01-14 15:55:28.701,melon
2021-01-14 15:55:28.701,melon
2021-01-14 15:55:28.720,melon
2021-01-14 15:55:28.721,melon
2021-01-14 15:55:28.755,melon
2021-01-14 15:55:28.755,melon
2021-01-14 15:55:28.766,melon
2021-01-14 15:55:28.767,melon
2021-01-14 15:55:28.802,melon
2021-01-14 15:55:28.802,melon
2021-01-14 15:55:28.820,melon
2021-01-14 15:55:28.820,melon
2021-01-14 15:55:28.853,melon
2021-01-14 15:55:28.853,melon
2021-01-14 15:55:28.870,melon
2021-01-14 15:55:28.870,melon
2021-01-14 15:55:28.900,melon
2021-01-14 15:55:28.900,melon
2021-01-14 15:55:28.926,melon
2021-01-14 15:55:28.926,melon
2021-01-14 15:55:28.951,melon
2021-01-14 15:55:28.951,melon
2021-01-14 15:55:28.971,melon
2021-01-14 15:55:28.971,melon
2021-01-14 15:55:29.009,melon
2021-01-14 15:55:29.010,melon
2021-01-14 15:55:29.022,melon
2021-01-14 15:55:29.022,melon
2021-01-14 15:55:29.051,melon
2021-01-14 15:55:29.051,melon
2021-01-14 15:55:29.071,melon
2021-01-14 15:55:29.071,melon
2021-01-14 15:55:29.107,melon
2021-01-14 15:55:29.107,melon
2021-01-14 15:55:29.120,melon
2021-01-14 15:55:29.120,melon
2021-01-14 15:55:29.150,melon
2021-01-14 15:55:29.150,melon
2021-01-14 15:55:29.169,melon
2021-01-14 15:55:29.169,melon
2021-01-14 15:55:29.202,melon
2021-01-14 15:55:29.202,melon
2021-01-14 15:55:29.223,melon
2021-01-14 15:55:29.224,melon
2021-01-14 15:55:29.251,melon
2021-01-14 15:55:29.251,melon
2021-01-14 15:55:29.275,melon
2021-01-14 15:55:29.275,melon
2021-01-14 15:55:29.299,melon
2021-01-14 15:55:29.299,melon
2021-01-14 15:55:29.319,melon
2021-01-14 15:55:29.319,melon
2021-01-14 15:55:29.354,melon
2021-01-14 15:55:29.355,melon
2021-01-14 15:55:29.367,melon
2021-01-14 15:55:29.367,melon
2021-01-14 15:55:29.413,melon
2021-01-14 15:55:29.413,melon
2021-01-14 15:55:29.419,melon
2021-01-14 15:55:29.419,melon
2021-01-14 15:55:29.453,melon
2021-01-14 15:55:29.454,melon
2021-01-14 15:55:29.470,melon
2021-01-14 15:55:29.470,melon
2021-01-14 15:55:29.500,melon
2021-01-14 15:55:29.500,melon
2021-01-14 15:55:29.521,melon
2021-01-14 15:55:29.521,melon
2021-01-14 15:55:29.553,melon
2021-01-14 15:55:29.553,melon
2021-01-14 15:55:29.569,melon
2021-01-14 15:55:29.569,melon
2021-01-14 15:55:29.603,melon
2021-01-14 15:55:29.603,melon
2021-01-14 15:55:29.619,melon
2021-01-14 15:55:29.619,melon
2021-01-14 15:55:29.653,melon
2021-01-14 15:55:29.653,melon
2021-01-14 15:55:29.668,melon
2021-01-14 15:55:29.668,melon
2021-01-14 15:55:29.707,melon
2021-01-14 15:55:29.707,melon
2021-01-14 15:55:29.721,melon
2021-01-14 15:55:29.721,melon
2021-01-14 15:55:29.752,melon
2021-01-14 15:55:29.752,melon
2021-01-14 15:55:29.771,melon
2021-01-14 15:55:29.771,melon
2021-01-14 15:55:29.800,melon
2021-01-14 15:55:29.801,melon
2021-01-14 15:55:29.820,melon
2021-01-14 15:55:29.820,melon
2021-01-14 15:55:29.852,melon
2021-01-14 15:55:29.852,melon
2021-01-14 15:55:29.870,melon
2021-01-14 15:55:29.871,melon
2021-01-14 15:55:29.906,melon
2021-01-14 15:55:29.906,melon
2021-01-14 15:55:29.919,melon
2021-01-14 15:55:29.919,melon
2021-01-14 15:55:29.955,melon
2021-01-14 15:55:29.955,melon
2021-01-14 15:55:29.971,melon
2021-01-14 15:55:29.971,melon
2021-01-14 15:55:30.004,melon
2021-01-14 15:55:30.004,melon
2021-01-14 15:55:30.026,melon
2021-01-14 15:55:30.026,melon
2021-01-14 15:55:30.052,melon
2021-01-14 15:55:30.052,melon
2021-01-14 15:55:30.071,melon
2021-01-14 15:55:30.071,melon
2021-01-14 15:55:30.104,melon
2021-01-14 15:55:30.104,melon
2021-01-14 15:55:30.119,melon
2021-01-14 15:55:30.120,melon
2021-01-14 15:55:30.153,melon
2021-01-14 15:55:30.153,melon
2021-01-14 15:55:30.175,melon
2021-01-14 15:55:30.176,melon
2021-01-14 15:55:30.203,melon
2021-01-14 15:55:30.203,melon
2021-01-14 15:55:30.217,melon
2021-01-14 15:55:30.217,melon
2021-01-14 15:55:30.253,melon
2021-01-14 15:55:30.253,melon
2021-01-14 15:55:30.272,melon
2021-01-14 15:55:30.272,melon
2021-01-14 15:55:30.302,melon
2021-01-14 15:55:30.302,melon
2021-01-14 15:55:30.324,melon
2021-01-14 15:55:30.324,melon
2021-01-14 15:55:30.351,melon
2021-01-14 15:55:30.352,melon
2021-01-14 15:55:30.374,melon
2021-01-14 15:55:30.374,melon
2021-01-14 15:55:30.405,melon
2021-01-14 15:55:30.405,melon
2021-01-14 15:55:30.417,melon
2021-01-14 15:55:30.417,melon
2021-01-14 15:55:30.458,melon
2021-01-14 15:55:30.458,melon
2021-01-14 15:55:30.467,melon
2021-01-14 15:55:30.467,melon
2021-01-14 15:55:30.505,melon
2021-01-14 15:55:30.505,melon
2021-01-14 15:55:30.517,melon
2021-01-14 15:55:30.517,melon
2021-01-14 15:55:30.550,melon
2021-01-14 15:55:30.551,melon
2021-01-14 15:55:30.568,melon
2021-01-14 15:55:30.568,melon
2021-01-14 15:55:30.606,melon
2021-01-14 15:55:30.606,melon
2021-01-14 15:55:30.623,melon
2021-01-14 15:55:30.623,melon
2021-01-14 15:55:30.654,melon
2021-01-14 15:55:30.654,melon
2021-01-14 15:55:30.668,melon
2021-01-14 15:55:30.668,melon
2021-01-14 15:55:30.707,melon
2021-01-14 15:55:30.707,melon
2021-01-14 15:55:30.719,melon
2021-01-14 15:55:30.720,melon
2021-01-14 15:55:30.754,melon
2021-01-14 15:55:30.754,melon
2021-01-14 15:55:30.769,melon
2021-01-14 15:55:30.769,melon
2021-01-14 15:55:30.805,melon
2021-01-14 15:55:30.806,melon
2021-01-14 15:55:30.820,melon
2021-01-14 15:55:30.820,melon
2021-01-14 15:55:30.851,melon
2021-01-14 15:55:30.851,melon
2021-01-14 15:55:30.872,melon
2021-01-14 15:55:30.872,melon
2021-01-14 15:55:30.904,melon
2021-01-14 15:55:30.904,melon
2021-01-14 15:55:30.928,melon
2021-01-14 15:55:30.928,melon
2021-01-14 15:55:30.952,melon
2021-01-14 15:55:30.952,melon
2021-01-14 15:55:30.968,melon
2021-01-14 15:55:30.969,melon
2021-01-14 15:55:31.004,melon
2021-01-14 15:55:31.004,melon
2021-01-14 15:55:31.022,melon
2021-01-14 15:55:31.022,melon
2021-01-14 15:55:31.049,melon
2021-01-14 15:55:31.049,melon
2021-01-14 15:55:31.075,melon
2021-01-14 15:55:31.075,melon
2021-01-14 15:55:31.105,melon
2021-01-14 15:55:31.105,melon
2021-01-14 15:55:31.126,melon
2021-01-14 15:55:31.126,melon
2021-01-14 15:55:31.149,melon
2021-01-14 15:55:31.149,melon
2021-01-14 15:55:31.166,melon
2021-01-14 15:55:31.167,melon
2021-01-14 15:55:31.203,melon
2021-01-14 15:55:31.204,melon
2021-01-14 15:55:31.219,melon
2021-01-14 15:55:31.219,melon
2021-01-14 15:55:31.247,melon
2021-01-14 15:55:31.247,melon
2021-01-14 15:55:31.271,melon
2021-01-14 15:55:31.272,melon
2021-01-14 15:55:31.303,melon
2021-01-14 15:55:31.303,melon
2021-01-14 15:55:31.323,melon
2021-01-14 15:55:31.323,melon
2021-01-14 15:55:31.348,melon
2021-01-14 15:55:31.349,melon
2021-01-14 15:55:31.372,melon
2021-01-14 15:55:31.372,melon
2021-01-14 15:55:31.407,melon
2021-01-14 15:55:31.407,melon
2021-01-14 15:55:31.427,melon
2021-01-14 15:55:31.427,melon
2021-01-14 15:55:31.453,melon
2021-01-14 15:55:31.453,melon
2021-01-14 15:55:31.469,melon
2021-01-14 15:55:31.470,melon
2021-01-14 15:55:31.505,melon
2021-01-14 15:55:31.505,melon
2021-01-14 15:55:31.526,melon
2021-01-14 15:55:31.526,melon
2021-01-14 15:55:31.553,melon
2021-01-14 15:55:31.553,melon
2021-01-14 15:55:31.568,melon
2021-01-14 15:55:31.568,melon
2021-01-14 15:55:31.603,melon
2021-01-14 15:55:31.603,melon
2021-01-14 15:55:31.619,melon
2021-01-14 15:55:31.619,melon
2021-01-14 15:55:31.654,melon
2021-01-14 15:55:31.654,melon
2021-01-14 15:55:31.670,melon
2021-01-14 15:55:31.670,melon
2021-01-14 15:55:31.703,melon
2021-01-14 15:55:31.703,melon
2021-01-14 15:55:31.724,melon
2021-01-14 15:55:31.724,melon
2021-01-14 15:55:31.751,melon
2021-01-14 15:55:31.751,melon
2021-01-14 15:55:31.771,melon
2021-01-14 15:55:31.771,melon
2021-01-14 15:55:31.801,melon
2021-01-14 15:55:31.801,melon
2021-01-14 15:55:31.820,melon
2021-01-14 15:55:31.820,melon
2021-01-14 15:55:31.861,melon
2021-01-14 15:55:31.861,melon
2021-01-14 15:55:31.866,melon
2021-01-14 15:55:31.867,melon
2021-01-14 15:55:31.912,melon
2021-01-14 15:55:31.912,melon
2021-01-14 15:55:31.923,melon
2021-01-14 15:55:31.923,melon
2021-01-14 15:55:31.952,melon
2021-01-14 15:55:31.953,melon
2021-01-14 15:55:31.967,melon
2021-01-14 15:55:31.967,melon
2021-01-14 15:55:32.001,melon
2021-01-14 15:55:32.001,melon
2021-01-14 15:55:32.019,melon
2021-01-14 15:55:32.019,melon
2021-01-14 15:55:32.052,melon
2021-01-14 15:55:32.052,melon
2021-01-14 15:55:32.068,melon
2021-01-14 15:55:32.068,melon
2021-01-14 15:55:32.101,melon
2021-01-14 15:55:32.101,melon
2021-01-14 15:55:32.120,melon
2021-01-14 15:55:32.120,melon
2021-01-14 15:55:32.152,melon
2021-01-14 15:55:32.153,melon
2021-01-14 15:55:32.170,melon
2021-01-14 15:55:32.170,melon
2021-01-14 15:55:32.203,melon
2021-01-14 15:55:32.203,melon
2021-01-14 15:55:32.224,melon
2021-01-14 15:55:32.224,melon
2021-01-14 15:55:32.254,melon
2021-01-14 15:55:32.255,melon
2021-01-14 15:55:32.270,melon
2021-01-14 15:55:32.270,melon
2021-01-14 15:55:32.320,melon
2021-01-14 15:55:32.320,melon
2021-01-14 15:55:32.327,melon
2021-01-14 15:55:32.327,melon
2021-01-14 15:55:32.355,melon
2021-01-14 15:55:32.355,melon
2021-01-14 15:55:32.366,melon
2021-01-14 15:55:32.366,melon
2021-01-14 15:55:32.400,melon
2021-01-14 15:55:32.400,melon
2021-01-14 15:55:32.421,melon
2021-01-14 15:55:32.421,melon
2021-01-14 15:55:32.454,melon
2021-01-14 15:55:32.455,melon
2021-01-14 15:55:32.470,melon
2021-01-14 15:55:32.470,melon
2021-01-14 15:55:32.506,melon
2021-01-14 15:55:32.506,melon
2021-01-14 15:55:32.524,melon
2021-01-14 15:55:32.524,melon
2021-01-14 15:55:32.552,melon
2021-01-14 15:55:32.552,melon
2021-01-14 15:55:32.570,melon
2021-01-14 15:55:32.570,melon
2021-01-14 15:55:32.600,melon
2021-01-14 15:55:32.600,melon
2021-01-14 15:55:32.622,melon
2021-01-14 15:55:32.622,melon
2021-01-14 15:55:32.653,melon
2021-01-14 15:55:32.653,melon
2021-01-14 15:55:32.671,melon
2021-01-14 15:55:32.671,melon
2021-01-14 15:55:32.705,melon
2021-01-14 15:55:32.705,melon
2021-01-14 15:55:32.726,melon
2021-01-14 15:55:32.726,melon
2021-01-14 15:55:32.757,melon
2021-01-14 15:55:32.757,melon
2021-01-14 15:55:32.765,melon
2021-01-14 15:55:32.766,melon
2021-01-14 15:55:32.801,melon
2021-01-14 15:55:32.801,melon
2021-01-14 15:55:32.819,melon
2021-01-14 15:55:32.819,melon
2021-01-14 15:55:32.853,melon
2021-01-14 15:55:32.853,melon
2021-01-14 15:55:32.868,melon
2021-01-14 15:55:32.868,melon
2021-01-14 15:55:32.906,melon
2021-01-14 15:55:32.906,melon
2021-01-14 15:55:32.920,melon
2021-01-14 15:55:32.920,melon
2021-01-14 15:55:32.954,melon
2021-01-14 15:55:32.955,melon
2021-01-14 15:55:32.971,melon
2021-01-14 15:55:32.971,melon
2021-01-14 15:55:33.006,melon
2021-01-14 15:55:33.006,melon
2021-01-14 15:55:33.026,melon
2021-01-14 15:55:33.027,melon
2021-01-14 15:55:33.053,melon
2021-01-14 15:55:33.054,melon
2021-01-14 15:55:33.072,melon
2021-01-14 15:55:33.073,melon
2021-01-14 15:55:33.109,melon
2021-01-14 15:55:33.110,melon
2021-01-14 15:55:33.130,melon
2021-01-14 15:55:33.130,melon
2021-01-14 15:55:33.159,melon
2021-01-14 15:55:33.159,melon
2021-01-14 15:55:33.176,melon
2021-01-14 15:55:33.176,melon
2021-01-14 15:55:33.206,melon
2021-01-14 15:55:33.207,melon
2021-01-14 15:55:33.218,melon
2021-01-14 15:55:33.218,melon
2021-01-14 15:55:33.252,melon
2021-01-14 15:55:33.252,melon
2021-01-14 15:55:33.276,melon
2021-01-14 15:55:33.276,melon
2021-01-14 15:55:33.307,melon
2021-01-14 15:55:33.308,melon
2021-01-14 15:55:33.323,melon
2021-01-14 15:55:33.323,melon
2021-01-14 15:55:33.352,melon
2021-01-14 15:55:33.352,melon
2021-01-14 15:55:33.374,melon
2021-01-14 15:55:33.374,melon
2021-01-14 15:55:33.407,melon
2021-01-14 15:55:33.407,melon
2021-01-14 15:55:33.421,melon
2021-01-14 15:55:33.421,melon
2021-01-14 15:55:33.452,melon
2021-01-14 15:55:33.453,melon
2021-01-14 15:55:33.475,melon
2021-01-14 15:55:33.475,melon
2021-01-14 15:55:33.500,melon
2021-01-14 15:55:33.501,melon
2021-01-14 15:55:33.517,melon
2021-01-14 15:55:33.518,melon
2021-01-14 15:55:33.555,melon
2021-01-14 15:55:33.555,melon
2021-01-14 15:55:33.567,melon
2021-01-14 15:55:33.567,melon
2021-01-14 15:55:33.607,melon
2021-01-14 15:55:33.608,melon
2021-01-14 15:55:33.619,melon
2021-01-14 15:55:33.619,melon
2021-01-14 15:55:33.653,melon
2021-01-14 15:55:33.653,melon
2021-01-14 15:55:33.676,melon
2021-01-14 15:55:33.676,melon
2021-01-14 15:55:33.707,melon
2021-01-14 15:55:33.707,melon
2021-01-14 15:55:33.718,melon
2021-01-14 15:55:33.719,melon
2021-01-14 15:55:33.752,melon
2021-01-14 15:55:33.752,melon
2021-01-14 15:55:33.771,melon
2021-01-14 15:55:33.771,melon
2021-01-14 15:55:33.803,melon
2021-01-14 15:55:33.803,melon
2021-01-14 15:55:33.823,melon
2021-01-14 15:55:33.824,melon
2021-01-14 15:55:33.850,melon
2021-01-14 15:55:33.850,melon
2021-01-14 15:55:33.867,melon
2021-01-14 15:55:33.867,melon
